latitude,longitude,accommodates,bathrooms,bedrooms,beds,minimum_nights,number_of_reviews,reviews_per_month,review_activity,calculated_host_listings_count,availability_365,availability_ratio,review_scores_rating,data_year,amenity_score,has_luxury_amenities,wifi,kitchen,air_conditioning,parking,pool,gym,pets_allowed,city,neighbourhood,room_type,property_type,instant_bookable,host_is_superhost,actual_price,predicted_price,mispricing_pct,pricing_status
40.69589,-73.93232,,,,,1,3,0.06,0.06,1,0,0.0,,2019,0.0,0,0,0,0,0,0,0,0,New York,Bushwick,Private room,Apartment,Unknown,Unknown,65.0,58.42403,0.1125559065650381,Fairly Priced
37.7572064947949,-122.43173215538263,,,,,2,28,5.03,5.03,1,99,0.27123287671232876,,2023,0.0,0,0,0,0,0,0,0,0,San Francisco,Castro/Upper Market,Entire home/apt,Apartment,Unknown,Unknown,204.0,201.19571,0.013938124139115193,Fairly Priced
42.342173734061504,-71.15293746921054,2.0,1.0,1.0,2.0,14,0,,0.0,1,0,0.0,,2023,3.0,0,1,1,1,0,0,0,0,Boston,Allston-Brighton,Entire home/apt,Apartment,f,f,99.0,123.43433,-0.19795411089275244,Underpriced
40.73925,-73.99359,,,,,5,26,0.43,0.43,1,14,0.038356164383561646,,2019,0.0,0,0,0,0,0,0,0,0,New York,Chelsea,Entire home/apt,Apartment,Unknown,Unknown,251.0,228.5172,0.09838560805838475,Fairly Priced
40.82502,-73.94404,,,,,3,1,0.02,0.02,1,0,0.0,,2019,0.0,0,0,0,0,0,0,0,0,New York,Harlem,Private room,Apartment,Unknown,Unknown,90.0,66.05198,0.3625632611479094,Overpriced
40.67561,-73.97823,,,,,2,85,1.81,1.81,2,268,0.7342465753424657,,2019,0.0,0,0,0,0,0,0,0,0,New York,Park Slope,Entire home/apt,Apartment,Unknown,Unknown,300.0,196.3229,0.5280947361532348,Overpriced
47.65731408746019,-122.31975999730996,1.0,1.0,1.0,1.0,4,0,,0.0,37,338,0.9260273972602739,,2023,2.0,0,1,1,0,0,0,0,0,Seattle,University District,Shared room,House,f,f,42.0,42.44522,-0.010489306860218069,Fairly Priced
30.2741,-97.75751,,,,,2,0,,0.0,1,95,0.2602739726027397,,2020,0.0,0,0,0,0,0,0,0,0,Austin,78703,Entire home/apt,Apartment,Unknown,Unknown,80.0,372.3808,-0.7851661515398813,Underpriced
30.22863,-97.6591,,,,,1,22,1.14,1.14,4,81,0.2219178082191781,,2020,0.0,0,0,0,0,0,0,0,0,Austin,78742,Entire home/apt,Apartment,Unknown,Unknown,100.0,117.75748,-0.15079702188081562,Underpriced
47.5483168146443,-122.38645840880145,2.0,1.5,1.0,1.0,1,4,0.81,0.81,1,142,0.38904109589041097,90.0,2023,3.0,0,1,1,1,0,0,0,0,Seattle,The Junction,Entire home/apt,House,f,f,109.0,115.95356,-0.05996848982433192,Fairly Priced
37.77584,-122.43649,,,,,30,3,0.44,0.44,25,207,0.5671232876712329,,2023,0.0,0,0,0,0,0,0,0,0,San Francisco,Western Addition,Entire home/apt,Apartment,Unknown,Unknown,120.0,127.57042,-0.05934306207018637,Fairly Priced
40.68695,-73.9631,,,,,3,0,,0.0,1,0,0.0,,2019,0.0,0,0,0,0,0,0,0,0,New York,Clinton Hill,Entire home/apt,Apartment,Unknown,Unknown,150.0,173.91647,-0.13751700987647605,Fairly Priced
42.359464663231066,-71.07106480346663,2.0,1.0,0.0,1.0,2,5,0.39,0.39,1,1,0.0027397260273972603,96.0,2023,2.0,0,1,1,0,0,0,0,0,Boston,Beacon Hill,Entire home/apt,Apartment,f,f,140.0,160.59598,-0.12824715828815283,Fairly Priced
40.79494,-73.96545,,,,,28,0,,0.0,1,365,1.0,,2019,0.0,0,0,0,0,0,0,0,0,New York,Upper West Side,Entire home/apt,Apartment,Unknown,Unknown,450.0,215.0068,1.092957007203198,Overpriced
40.69972,-73.92244,,,,,2,1,0.16,0.16,2,157,0.4301369863013699,,2019,0.0,0,0,0,0,0,0,0,0,New York,Bushwick,Private room,Apartment,Unknown,Unknown,55.0,66.23153,-0.16957979629076916,Underpriced
40.67081,-73.95761,,,,,3,1,0.02,0.02,1,0,0.0,,2019,0.0,0,0,0,0,0,0,0,0,New York,Crown Heights,Private room,Apartment,Unknown,Unknown,96.0,59.307808,0.6186738873517047,Overpriced
40.71366,-73.94021,,,,,7,1,0.02,0.02,1,0,0.0,,2019,0.0,0,0,0,0,0,0,0,0,New York,Williamsburg,Entire home/apt,Apartment,Unknown,Unknown,49.0,151.65524,-0.6768987404815715,Underpriced
37.77329,-122.43001,,,,,30,16,0.37,0.37,7,0,0.0,,2023,0.0,0,0,0,0,0,0,0,0,San Francisco,Western Addition,Entire home/apt,Apartment,Unknown,Unknown,110.0,138.15009,-0.20376451710242457,Underpriced
37.73963,-122.41492,,,,,3,227,2.03,2.03,1,58,0.1589041095890411,,2023,0.0,0,0,0,0,0,0,0,0,San Francisco,Bernal Heights,Private room,Apartment,Unknown,Unknown,111.0,102.218834,0.08590555907970629,Fairly Priced
47.6806890498443,-122.4014587655766,6.0,2.5,3.0,3.0,2,14,1.87,1.87,1,263,0.7205479452054795,100.0,2023,5.0,1,1,1,1,1,0,0,1,Seattle,Ballard,Entire home/apt,House,f,f,350.0,246.68433,0.4188173421125296,Overpriced
42.32236629986866,-71.07874135249834,2.0,1.0,1.0,1.0,3,6,3.91,3.91,1,111,0.3041095890410959,97.0,2023,4.0,0,1,1,1,0,0,0,1,Boston,Roxbury,Entire home/apt,Apartment,f,f,150.0,134.49504,0.11528275692125052,Fairly Priced
30.25485,-97.72404,,,,,1,0,,0.0,1,0,0.0,,2020,0.0,0,0,0,0,0,0,0,0,Austin,78702,Entire home/apt,Apartment,Unknown,Unknown,700.0,287.524,1.4345794858742467,Overpriced
42.37867757767117,-71.06338339747694,3.0,1.0,1.0,2.0,2,60,5.2,5.2,1,7,0.019178082191780823,97.0,2023,4.0,1,1,1,1,1,0,0,0,Charlestown,Charlestown,Entire home/apt,House,f,f,149.0,154.4991,-0.035593085920914765,Fairly Priced
40.71506,-73.96182,,,,,2,1,0.03,0.03,3,0,0.0,,2019,0.0,0,0,0,0,0,0,0,0,New York,Williamsburg,Private room,Apartment,Unknown,Unknown,103.0,91.47713,0.12596452570414401,Fairly Priced
47.51913837079121,-122.35937156087576,2.0,1.0,1.0,1.0,1,0,,0.0,2,365,1.0,,2023,0.0,0,0,0,0,0,0,0,0,Seattle,South Delridge,Private room,House,f,f,50.0,78.68815,-0.3645802963462688,Underpriced
40.86737,-73.91877,,,,,2,79,0.96,0.96,1,3,0.00821917808219178,,2019,0.0,0,0,0,0,0,0,0,0,New York,Inwood,Entire home/apt,Apartment,Unknown,Unknown,55.0,113.6104,-0.5158893790684421,Underpriced
40.71104,-73.95917,,,,,5,1,0.02,0.02,1,0,0.0,,2019,0.0,0,0,0,0,0,0,0,0,New York,Williamsburg,Entire home/apt,Apartment,Unknown,Unknown,150.0,161.33786,-0.07027402061656766,Fairly Priced
40.87829,-73.83471,,,,,2,11,0.29,0.29,13,348,0.9534246575342465,,2019,0.0,0,0,0,0,0,0,0,0,New York,Eastchester,Entire home/apt,Apartment,Unknown,Unknown,155.0,152.97787,0.013218416371437879,Fairly Priced
37.79036,-122.40948,,,,,2,2,0.05,0.05,41,6,0.01643835616438356,,2023,0.0,0,0,0,0,0,0,0,0,San Francisco,Nob Hill,Entire home/apt,Apartment,Unknown,Unknown,95.0,149.87704,-0.3661470960795297,Underpriced
37.74639,-122.42864,,,,,2,123,2.27,2.27,2,217,0.5945205479452055,,2023,0.0,0,0,0,0,0,0,0,0,San Francisco,Noe Valley,Entire home/apt,Apartment,Unknown,Unknown,168.0,286.46014,-0.4135309798112782,Underpriced
37.78674,-122.42996,,,,,30,25,0.42,0.42,1,225,0.6164383561643836,,2023,0.0,0,0,0,0,0,0,0,0,San Francisco,Western Addition,Entire home/apt,Apartment,Unknown,Unknown,153.0,161.19086,-0.05081464972277032,Fairly Priced
37.77292,-122.50207,,,,,1,32,4.03,4.03,2,172,0.4712328767123288,,2023,0.0,0,0,0,0,0,0,0,0,San Francisco,Outer Richmond,Entire home/apt,Apartment,Unknown,Unknown,123.0,186.9061,-0.34191553029542304,Underpriced
40.77276,-73.95675,,,,,30,4,0.07,0.07,29,308,0.8438356164383561,,2019,0.0,0,0,0,0,0,0,0,0,New York,Upper East Side,Entire home/apt,Apartment,Unknown,Unknown,139.0,121.809235,0.14112858876923018,Fairly Priced
47.693145745394474,-122.3622588292876,2.0,1.0,1.0,2.0,1,4,0.71,0.71,2,163,0.4465753424657534,90.0,2023,0.0,0,0,0,0,0,0,0,0,Seattle,Greenwood,Shared room,Apartment,f,f,25.0,47.100586,-0.46922104040969503,Underpriced
37.79283,-122.44006,,,,,3,0,,0.0,1,179,0.4904109589041096,,2023,0.0,0,0,0,0,0,0,0,0,San Francisco,Pacific Heights,Private room,Apartment,Unknown,Unknown,750.0,319.60376,1.3466557481989494,Overpriced
35.47839,-82.50984,,,,,2,67,6.26,6.26,2,269,0.736986301369863,,2020,0.0,0,0,0,0,0,0,0,0,Asheville,28704,Entire home/apt,Apartment,Unknown,Unknown,153.0,131.44519,0.16398325035591602,Overpriced
30.32356,-97.73331,,,,,1,52,2.62,2.62,1,0,0.0,,2020,0.0,0,0,0,0,0,0,0,0,Austin,78756,Private room,Apartment,Unknown,Unknown,40.0,48.67435,-0.1782119454478867,Underpriced
40.71238,-73.9379,,,,,2,0,,0.0,1,66,0.18082191780821918,,2019,0.0,0,0,0,0,0,0,0,0,New York,Williamsburg,Private room,Apartment,Unknown,Unknown,63.0,81.197655,-0.2241155213897475,Underpriced
30.25548,-97.68672,,,,,1,52,1.7,1.7,24,88,0.2410958904109589,,2020,0.0,0,0,0,0,0,0,0,0,Austin,78721,Entire home/apt,Apartment,Unknown,Unknown,68.0,112.93006,-0.397857406673396,Underpriced
40.67296,-73.9501,,,,,2,42,0.72,0.72,1,365,1.0,,2019,0.0,0,0,0,0,0,0,0,0,New York,Crown Heights,Entire home/apt,Apartment,Unknown,Unknown,150.0,201.16553,-0.2543454041025566,Underpriced
47.65445181698063,-122.35440335800509,3.0,1.0,1.0,2.0,2,72,3.66,3.66,3,347,0.9506849315068493,94.0,2023,4.0,1,1,1,1,1,0,0,0,Seattle,Fremont,Private room,House,f,f,54.0,64.28856,-0.16003716876542023,Underpriced
40.80491,-73.94752,,,,,5,0,,0.0,1,0,0.0,,2019,0.0,0,0,0,0,0,0,0,0,New York,Harlem,Entire home/apt,Apartment,Unknown,Unknown,139.0,147.60564,-0.05830154454191939,Fairly Priced
37.76942,-122.44991,,,,,1,58,0.98,0.98,43,0,0.0,,2023,0.0,0,0,0,0,0,0,0,0,San Francisco,Haight Ashbury,Shared room,Apartment,Unknown,Unknown,50.0,55.792126,-0.10381618604839428,Fairly Priced
42.290302483093974,-71.1606124107066,3.0,1.0,2.0,2.0,1,3,0.23,0.23,1,0,0.0,93.0,2023,3.0,1,1,1,0,1,0,0,0,West Roxbury,West Roxbury,Entire home/apt,House,f,f,100.0,123.752655,-0.19193652874496903,Underpriced
40.67477,-73.94961,,,,,1,0,,0.0,1,0,0.0,,2019,0.0,0,0,0,0,0,0,0,0,New York,Crown Heights,Entire home/apt,Apartment,Unknown,Unknown,125.0,121.26962,0.03076101921528788,Fairly Priced
40.81049,-73.9043,,,,,2,11,0.19,0.19,1,0,0.0,,2019,0.0,0,0,0,0,0,0,0,0,New York,Mott Haven,Private room,Apartment,Unknown,Unknown,79.0,58.749928,0.3446825099842925,Overpriced
47.57326555829689,-122.37436117067983,4.0,1.0,1.0,2.0,1,1,0.02,0.02,1,331,0.9068493150684932,90.0,2023,2.0,1,1,0,0,1,0,0,0,Seattle,North Admiral,Private room,House,f,f,60.0,98.3963,-0.3902209816236334,Underpriced
37.80141,-122.40602,,,,,30,9,0.45,0.45,5,154,0.42191780821917807,,2023,0.0,0,0,0,0,0,0,0,0,San Francisco,North Beach,Entire home/apt,Apartment,Unknown,Unknown,168.0,192.31516,-0.12643389973916905,Fairly Priced
30.23625,-97.78258,,,,,1,4,0.17,0.17,1,0,0.0,,2020,0.0,0,0,0,0,0,0,0,0,Austin,78704,Entire home/apt,Apartment,Unknown,Unknown,194.0,128.0145,0.5154533766856371,Overpriced
30.24678,-97.84624,,,,,90,0,,0.0,593,360,0.9863013698630136,,2020,0.0,0,0,0,0,0,0,0,0,Austin,78735,Entire home/apt,Apartment,Unknown,Unknown,88.0,95.53418,-0.0788637083831662,Fairly Priced
30.27829,-97.75604,,,,,2,130,1.42,1.42,1,359,0.9835616438356164,,2020,0.0,0,0,0,0,0,0,0,0,Austin,78703,Entire home/apt,Apartment,Unknown,Unknown,652.0,240.66965,1.709107723138323,Overpriced
37.76660626484894,-122.42065656213347,,,,,30,0,,0.0,28,316,0.8657534246575342,,2023,0.0,0,0,0,0,0,0,0,0,San Francisco,Mission,Entire home/apt,Apartment,Unknown,Unknown,179.0,158.49315,0.129386357398238,Fairly Priced
38.90603,-77.06562,,,,,31,80,1.15,1.15,1,0,0.0,,2023,0.0,0,0,0,0,0,0,0,0,Washington D.C.,"Georgetown, Burleith/Hillandale",Entire home/apt,Apartment,Unknown,Unknown,105.0,166.1524,-0.36805007345051377,Underpriced
37.7267606,-122.4085215,,,,,120,3,0.8,0.8,14,364,0.9972602739726028,,2023,0.0,0,0,0,0,0,0,0,0,San Francisco,Excelsior,Private room,Apartment,Unknown,Unknown,76.0,54.570503,0.3926937721814177,Overpriced
35.46334,-82.55487,,,,,3,3,0.94,0.94,1,342,0.936986301369863,,2020,0.0,0,0,0,0,0,0,0,0,Asheville,28704,Entire home/apt,Apartment,Unknown,Unknown,195.0,182.37514,0.0692246917852431,Fairly Priced
30.24721,-97.75841,,,,,3,10,0.57,0.57,1,182,0.4986301369863014,,2020,0.0,0,0,0,0,0,0,0,0,Austin,78704,Entire home/apt,Apartment,Unknown,Unknown,414.0,259.49445,0.5954098698429775,Overpriced
37.78593,-122.39087,,,,,31,0,,0.0,138,338,0.9260273972602739,,2023,0.0,0,0,0,0,0,0,0,0,San Francisco,South of Market,Entire home/apt,Apartment,Unknown,Unknown,204.0,191.62495,0.06457951067231614,Fairly Priced
42.318501214026405,-71.11451133583604,8.0,2.0,4.0,4.0,2,12,0.75,0.75,2,274,0.7506849315068493,95.0,2023,3.0,0,1,1,1,0,0,0,0,Boston,Jamaica Plain,Entire home/apt,Apartment,f,t,399.0,356.55328,0.11904732967017354,Fairly Priced
42.37441280859101,-71.03399091110118,6.0,1.0,2.0,3.0,1,2,0.18,0.18,2,0,0.0,100.0,2023,5.0,1,1,1,1,1,0,0,1,Boston,East Boston,Entire home/apt,Apartment,f,f,300.0,164.56416,0.8229971468381142,Overpriced
42.362039331106686,-71.0498530527899,2.0,1.0,1.0,1.0,1,8,0.69,0.69,1,34,0.09315068493150686,100.0,2023,3.0,0,1,1,1,0,0,0,0,Boston,North End,Private room,Apartment,f,t,345.0,120.80432,1.85585810440074,Overpriced
38.91253,-77.02118,,,,,4,20,1.35,1.35,2,0,0.0,,2023,0.0,0,0,0,0,0,0,0,0,Washington D.C.,"Shaw, Logan Circle",Entire home/apt,Apartment,Unknown,Unknown,165.0,234.81937,-0.2973322324691428,Underpriced
35.55554,-82.4759,,,,,1,206,3.2,3.2,1,325,0.8904109589041096,,2020,0.0,0,0,0,0,0,0,0,0,Asheville,28803,Entire home/apt,Apartment,Unknown,Unknown,168.0,105.71668,0.5891531604271989,Overpriced
47.714587928061135,-122.3650888296824,2.0,1.0,1.0,1.0,2,5,1.72,1.72,1,343,0.9397260273972603,100.0,2023,4.0,1,1,1,1,1,0,0,0,Seattle,Broadview,Private room,House,f,f,45.0,62.954636,-0.28519957971736354,Underpriced
38.89972,-77.01819,,,,,31,1,0.02,0.02,4,0,0.0,,2023,0.0,0,0,0,0,0,0,0,0,Washington D.C.,"Downtown, Chinatown, Penn Quarters, Mount Vernon Square, North Capitol Street",Entire home/apt,Apartment,Unknown,Unknown,199.0,205.93626,-0.03368160566806797,Fairly Priced
47.61245586565764,-122.3148894143841,3.0,2.0,2.0,2.0,2,3,0.16,0.16,1,311,0.852054794520548,100.0,2023,3.0,0,1,1,0,0,0,0,1,Seattle,Minor,Entire home/apt,Apartment,f,f,199.0,185.72575,0.07147229689666779,Fairly Priced
40.74696,-73.9767,,,,,1,0,,0.0,1,0,0.0,,2019,0.0,0,0,0,0,0,0,0,0,New York,Murray Hill,Entire home/apt,Apartment,Unknown,Unknown,199.0,207.05916,-0.03892200852346776,Fairly Priced
38.93834,-77.02664,,,,,2,103,1.47,1.47,1,160,0.4383561643835616,,2023,0.0,0,0,0,0,0,0,0,0,Washington D.C.,"Brightwood Park, Crestwood, Petworth",Entire home/apt,Apartment,Unknown,Unknown,155.0,127.501595,0.21567107105606076,Overpriced
40.70839,-73.94289,,,,,6,66,0.72,0.72,2,17,0.04657534246575343,,2019,0.0,0,0,0,0,0,0,0,0,New York,Williamsburg,Entire home/apt,Apartment,Unknown,Unknown,120.0,166.68951,-0.2800986876432833,Underpriced
40.7552,-73.9724,,,,,1,0,,0.0,1,0,0.0,,2019,0.0,0,0,0,0,0,0,0,0,New York,Midtown,Entire home/apt,Apartment,Unknown,Unknown,250.0,212.97119,0.17386768768699917,Overpriced
40.71281,-73.95796,,,,,3,87,1.63,1.63,3,275,0.7534246575342466,,2019,0.0,0,0,0,0,0,0,0,0,New York,Williamsburg,Entire home/apt,Apartment,Unknown,Unknown,225.0,212.42755,0.059184642742111354,Fairly Priced
40.72457,-73.98453,,,,,2,62,0.74,0.74,1,0,0.0,,2019,0.0,0,0,0,0,0,0,0,0,New York,East Village,Entire home/apt,Apartment,Unknown,Unknown,185.0,175.64244,0.05327618519589645,Fairly Priced
40.85711,-73.91594,,,,,2,135,2.13,2.13,4,70,0.1917808219178082,,2019,0.0,0,0,0,0,0,0,0,0,New York,University Heights,Private room,Apartment,Unknown,Unknown,44.0,54.805824,-0.19716561919808273,Underpriced
40.76105,-73.92068,,,,,2,0,,0.0,1,0,0.0,,2019,0.0,0,0,0,0,0,0,0,0,New York,Astoria,Private room,Apartment,Unknown,Unknown,60.0,66.76516,-0.10132769316754586,Fairly Priced
30.26177,-97.68606,,,,,1,2,0.07,0.07,3,0,0.0,,2020,0.0,0,0,0,0,0,0,0,0,Austin,78721,Shared room,Apartment,Unknown,Unknown,40.0,39.272224,0.018531559756611426,Fairly Priced
38.87975,-76.9876,,,,,31,10,0.16,0.16,18,365,1.0,,2023,0.0,0,0,0,0,0,0,0,0,Washington D.C.,"Capitol Hill, Lincoln Park",Entire home/apt,Apartment,Unknown,Unknown,498.0,151.75879,2.2815232849209464,Overpriced
40.76895,-73.9236,,,,,1,0,,0.0,1,0,0.0,,2019,0.0,0,0,0,0,0,0,0,0,New York,Astoria,Shared room,Apartment,Unknown,Unknown,300.0,62.602467,3.7921434469526005,Overpriced
35.65173,-82.59651,,,,,1,106,6.48,6.48,1,0,0.0,,2020,0.0,0,0,0,0,0,0,0,0,Asheville,28804,Entire home/apt,Apartment,Unknown,Unknown,93.0,98.647675,-0.057250964969077986,Fairly Priced
47.641205651697206,-122.38686559245234,4.0,1.0,1.0,1.0,2,50,2.84,2.84,6,349,0.9561643835616438,98.0,2023,3.0,1,1,1,0,1,0,0,0,Seattle,Magnolia,Entire home/apt,Apartment,t,t,150.0,119.22773,0.25809658755506426,Overpriced
47.61847931578053,-122.35549144608322,4.0,1.0,2.0,2.0,1,5,0.84,0.84,1,167,0.4575342465753425,72.0,2023,3.0,0,1,1,0,0,0,0,1,Seattle,Lower Queen Anne,Entire home/apt,Apartment,f,f,199.0,148.49097,0.3401488608543962,Overpriced
37.7578,-122.40686,,,,,30,13,0.14,0.14,1,0,0.0,,2023,0.0,0,0,0,0,0,0,0,0,San Francisco,Mission,Entire home/apt,Apartment,Unknown,Unknown,125.0,152.79099,-0.18188890586629197,Underpriced
38.91917,-77.03792,,,,,31,4,0.27,0.27,173,365,1.0,,2023,0.0,0,0,0,0,0,0,0,0,Washington D.C.,"Kalorama Heights, Adams Morgan, Lanier Heights",Entire home/apt,Apartment,Unknown,Unknown,602.0,138.01486,3.3618490864839154,Overpriced
35.62605,-82.51764,,,,,2,49,0.93,0.93,2,313,0.8575342465753425,,2020,0.0,0,0,0,0,0,0,0,0,Asheville,28804,Entire home/apt,Apartment,Unknown,Unknown,621.0,213.50435,1.908605860356265,Overpriced
35.57021,-82.61475,,,,,2,15,1.16,1.16,10,326,0.8931506849315068,,2020,0.0,0,0,0,0,0,0,0,0,Asheville,28806,Entire home/apt,Apartment,Unknown,Unknown,209.0,158.08725,0.3220547534527122,Overpriced
30.25424,-97.74226,,,,,90,18,0.35,0.35,2,291,0.7972602739726027,,2020,0.0,0,0,0,0,0,0,0,0,Austin,78704,Private room,Apartment,Unknown,Unknown,37.0,48.02235,-0.2295254238876853,Underpriced
30.26593,-97.7416,,,,,2,35,2.35,2.35,34,108,0.2958904109589041,,2020,0.0,0,0,0,0,0,0,0,0,Austin,78701,Entire home/apt,Apartment,Unknown,Unknown,321.0,188.03503,0.7071286816330744,Overpriced
40.69691,-73.96713,,,,,1,8,0.1,0.1,1,83,0.2273972602739726,,2019,0.0,0,0,0,0,0,0,0,0,New York,Clinton Hill,Private room,Apartment,Unknown,Unknown,36.0,95.44442,-0.6228171321855293,Underpriced
40.72493,-74.00193,,,,,2,191,2.81,2.81,1,291,0.7972602739726027,,2019,0.0,0,0,0,0,0,0,0,0,New York,SoHo,Private room,Apartment,Unknown,Unknown,106.0,135.66771,-0.21867922361628497,Underpriced
37.75962390445428,-122.42070032442534,,,,,30,1,1.0,1.0,2,63,0.1726027397260274,,2023,0.0,0,0,0,0,0,0,0,0,San Francisco,Mission,Entire home/apt,Apartment,Unknown,Unknown,225.0,156.3257,0.43930269719914017,Overpriced
42.276160926173254,-71.0753058731466,3.0,1.0,1.0,3.0,1,0,,0.0,1,365,1.0,,2023,3.0,0,1,1,1,0,0,0,0,Boston,Mattapan,Private room,Apartment,f,f,100.0,134.2829,-0.2553035306266877,Underpriced
40.65739,-73.95983,,,,,5,0,,0.0,1,0,0.0,,2019,0.0,0,0,0,0,0,0,0,0,New York,Prospect-Lefferts Gardens,Entire home/apt,Apartment,Unknown,Unknown,100.0,102.25403,-0.022043418311616218,Fairly Priced
30.42034,-97.7172,,,,,30,0,,0.0,1,0,0.0,,2020,0.0,0,0,0,0,0,0,0,0,Austin,78727,Entire home/apt,Apartment,Unknown,Unknown,150.0,117.01577,0.2818785028137914,Overpriced
38.89886,-76.98507,,,,,2,141,4.11,4.11,1,100,0.273972602739726,,2023,0.0,0,0,0,0,0,0,0,0,Washington D.C.,"Union Station, Stanton Park, Kingman Park",Entire home/apt,Apartment,Unknown,Unknown,179.0,124.75089,0.4348594724508663,Overpriced
30.2804,-97.74491,,,,,1,15,1.87,1.87,4,106,0.29041095890410956,,2020,0.0,0,0,0,0,0,0,0,0,Austin,78701,Entire home/apt,Apartment,Unknown,Unknown,89.0,175.5142,-0.4929185388323007,Underpriced
38.90744,-77.047684,,,,,3,20,3.06,3.06,1,52,0.14246575342465753,,2023,0.0,0,0,0,0,0,0,0,0,Washington D.C.,"West End, Foggy Bottom, GWU",Entire home/apt,Apartment,Unknown,Unknown,168.0,195.11249,-0.13895823942205815,Fairly Priced
40.66423,-73.99565,,,,,5,6,0.11,0.11,1,0,0.0,,2019,0.0,0,0,0,0,0,0,0,0,New York,Sunset Park,Entire home/apt,Apartment,Unknown,Unknown,119.0,125.055695,-0.04842398101431857,Fairly Priced
40.73634,-74.00841,,,,,2,9,0.16,0.16,1,0,0.0,,2019,0.0,0,0,0,0,0,0,0,0,New York,West Village,Entire home/apt,Apartment,Unknown,Unknown,200.0,222.33572,-0.10045944703566552,Fairly Priced
40.70104,-73.92278,,,,,4,4,0.13,0.13,1,0,0.0,,2019,0.0,0,0,0,0,0,0,0,0,New York,Bushwick,Private room,Apartment,Unknown,Unknown,39.0,57.230167,-0.3185412208395309,Underpriced
30.28367,-97.74626,,,,,1,1,0.01,0.01,1,0,0.0,,2020,0.0,0,0,0,0,0,0,0,0,Austin,78705,Entire home/apt,Apartment,Unknown,Unknown,499.0,182.82216,1.7294284414894279,Overpriced
38.92038,-77.04497,,,,,31,85,0.87,0.87,1,0,0.0,,2023,0.0,0,0,0,0,0,0,0,0,Washington D.C.,"Kalorama Heights, Adams Morgan, Lanier Heights",Private room,Apartment,Unknown,Unknown,120.0,69.299805,0.7316066118963404,Overpriced
40.79512,-73.97092,,,,,3,24,0.39,0.39,1,365,1.0,,2019,0.0,0,0,0,0,0,0,0,0,New York,Upper West Side,Private room,Apartment,Unknown,Unknown,425.0,145.6764,1.9174250598273874,Overpriced
30.30051,-97.74043,,,,,2,142,1.55,1.55,1,0,0.0,,2020,0.0,0,0,0,0,0,0,0,0,Austin,78705,Entire home/apt,Apartment,Unknown,Unknown,228.0,106.942085,1.1319950834383656,Overpriced
40.73408,-73.95601,,,,,3,19,0.32,0.32,4,0,0.0,,2019,0.0,0,0,0,0,0,0,0,0,New York,Greenpoint,Private room,Apartment,Unknown,Unknown,51.0,83.85329,-0.39179486003680525,Underpriced
40.79326,-73.93988,,,,,1,0,,0.0,1,11,0.030136986301369864,,2019,0.0,0,0,0,0,0,0,0,0,New York,East Harlem,Entire home/apt,Apartment,Unknown,Unknown,102.0,141.89493,-0.281158238330803,Underpriced
30.23549,-97.78282,,,,,1,3,0.06,0.06,1,0,0.0,,2020,0.0,0,0,0,0,0,0,0,0,Austin,78704,Entire home/apt,Apartment,Unknown,Unknown,70.0,111.70684,-0.3733597720856251,Underpriced
30.37365,-97.98596,,,,,2,40,2.97,2.97,1,271,0.7424657534246575,,2020,0.0,0,0,0,0,0,0,0,0,Austin,78734,Entire home/apt,Apartment,Unknown,Unknown,259.0,186.33951,0.3899360511420539,Overpriced
42.32137450834045,-71.10605960468904,2.0,1.0,1.0,1.0,3,10,2.17,2.17,1,195,0.5342465753424658,94.0,2023,3.0,0,1,1,1,0,0,0,0,Boston,Jamaica Plain,Private room,House,f,f,84.0,71.51355,0.17460257852413377,Overpriced
42.34299689044306,-71.09949188062751,2.0,1.0,1.0,1.0,1,11,6.23,6.23,1,59,0.16164383561643836,89.0,2023,2.0,0,1,0,1,0,0,0,0,Boston,Fenway/Kenmore,Private room,Apartment,f,f,89.0,85.42992,0.04178961854776123,Fairly Priced
47.64051552579719,-122.34450402727064,4.0,1.0,1.0,2.0,1,7,2.66,2.66,2,82,0.22465753424657534,100.0,2023,3.5,1,1,1,0,0,0,1,0,Seattle,Queen Anne,Entire home/apt,Apartment,f,f,75.0,108.74481,-0.3103119255756521,Underpriced
42.32559242640327,-71.09739570510834,8.0,1.0,3.0,4.0,1,5,2.83,2.83,1,358,0.9808219178082191,88.0,2023,2.0,0,0,1,1,0,0,0,0,Boston,Roxbury,Entire home/apt,Apartment,f,f,236.0,172.81299,0.36563809437699374,Overpriced
42.35907680533266,-71.1440690561767,1.0,1.0,1.0,1.0,30,2,0.7,0.7,3,364,0.9972602739726028,100.0,2023,3.0,0,1,1,1,0,0,0,0,Boston,Allston-Brighton,Private room,House,f,f,42.0,56.926586,-0.262207646028473,Underpriced
30.2717,-97.74714,,,,,2,0,,0.0,2,0,0.0,,2020,0.0,0,0,0,0,0,0,0,0,Austin,78701,Entire home/apt,Apartment,Unknown,Unknown,258.0,332.59158,-0.2242738151177044,Underpriced
38.90291,-76.99593,,,,,4,2,0.11,0.11,8,335,0.9178082191780822,,2023,0.0,0,0,0,0,0,0,0,0,Washington D.C.,"Union Station, Stanton Park, Kingman Park",Private room,Apartment,Unknown,Unknown,75.0,122.056786,-0.38553190925469427,Underpriced
40.71749,-73.99016,,,,,30,11,0.19,0.19,8,80,0.2191780821917808,,2019,0.0,0,0,0,0,0,0,0,0,New York,Lower East Side,Entire home/apt,Apartment,Unknown,Unknown,104.0,134.20326,-0.22505609628948697,Underpriced
30.32505,-97.72907,,,,,2,209,6.54,6.54,1,35,0.0958904109589041,,2020,0.0,0,0,0,0,0,0,0,0,Austin,78756,Entire home/apt,Apartment,Unknown,Unknown,80.0,100.08512,-0.20068039008238608,Underpriced
38.93662,-77.0294,,,,,1,203,3.22,3.22,1,133,0.3643835616438356,,2023,0.0,0,0,0,0,0,0,0,0,Washington D.C.,"Brightwood Park, Crestwood, Petworth",Entire home/apt,Apartment,Unknown,Unknown,92.0,100.589645,-0.08539293833676945,Fairly Priced
42.30794791179288,-71.10929998832164,1.0,1.0,1.0,1.0,1,18,1.16,1.16,2,88,0.2410958904109589,96.0,2023,3.0,0,1,1,0,0,0,0,1,Boston,Jamaica Plain,Private room,Apartment,f,f,69.0,61.44707,0.12291763939875519,Fairly Priced
40.69713,-73.99235,,,,,120,0,,0.0,1,146,0.4,,2019,0.0,0,0,0,0,0,0,0,0,New York,Brooklyn Heights,Private room,Apartment,Unknown,Unknown,45.0,60.320087,-0.2539798611849361,Underpriced
37.71123,-122.4449,,,,,30,61,0.64,0.64,5,234,0.6410958904109589,,2023,0.0,0,0,0,0,0,0,0,0,San Francisco,Crocker Amazon,Entire home/apt,Apartment,Unknown,Unknown,56.0,123.9148,-0.5480765909558699,Underpriced
47.59526162757328,-122.29721290385794,7.0,2.5,3.0,3.0,2,1,0.2,0.2,1,185,0.5068493150684932,100.0,2023,4.0,1,1,1,1,1,0,0,0,Seattle,Leschi,Entire home/apt,House,f,f,257.0,240.95146,0.06660485928847422,Fairly Priced
38.93063,-77.08486,,,,,180,0,,0.0,1,285,0.7808219178082192,,2023,0.0,0,0,0,0,0,0,0,0,Washington D.C.,"Spring Valley, Palisades, Wesley Heights, Foxhall Crescent, Foxhall Village, Georgetown Reservoir",Entire home/apt,Apartment,Unknown,Unknown,75.0,128.69589,-0.4172308172403498,Underpriced
30.29278,-97.74376,,,,,1,27,0.56,0.56,1,0,0.0,,2020,0.0,0,0,0,0,0,0,0,0,Austin,78705,Entire home/apt,Apartment,Unknown,Unknown,120.0,124.84495,-0.03880772029416127,Fairly Priced
47.61868194653507,-122.32136314260772,2.0,1.0,1.0,1.0,1,0,,0.0,7,356,0.9753424657534246,,2023,3.0,0,1,1,1,0,0,0,0,Seattle,Capitol Hill,Private room,House,f,f,85.0,87.8491,-0.03243172967922257,Fairly Priced
40.59274,-74.16178,,,,,2,11,0.24,0.24,1,88,0.2410958904109589,,2019,0.0,0,0,0,0,0,0,0,0,New York,New Springville,Private room,Apartment,Unknown,Unknown,68.0,73.570724,-0.0757193099038459,Fairly Priced
40.67139,-73.94,,,,,3,7,0.15,0.15,1,0,0.0,,2019,0.0,0,0,0,0,0,0,0,0,New York,Crown Heights,Private room,Apartment,Unknown,Unknown,50.0,59.761913,-0.1633467330710834,Underpriced
37.77802,-122.42431,,,,,30,15,0.45,0.45,6,333,0.9123287671232877,,2023,0.0,0,0,0,0,0,0,0,0,San Francisco,Western Addition,Entire home/apt,Apartment,Unknown,Unknown,115.0,143.67642,-0.199590313401327,Underpriced
37.72655,-122.42029,,,,,30,12,0.22,0.22,7,264,0.7232876712328767,,2023,0.0,0,0,0,0,0,0,0,0,San Francisco,Excelsior,Private room,Apartment,Unknown,Unknown,39.0,47.52478,-0.17937547999989725,Underpriced
30.16289,-97.81668,,,,,30,3,0.18,0.18,2,357,0.9780821917808219,,2020,0.0,0,0,0,0,0,0,0,0,Austin,78748,Private room,Apartment,Unknown,Unknown,30.0,46.04411,-0.3484508566437289,Underpriced
47.61261355218574,-122.34404496465984,2.0,1.5,1.0,1.0,1,0,,0.0,1,365,1.0,,2023,4.5,1,1,1,1,0,0,1,0,Seattle,Pike Place Market,Private room,Apartment,f,f,130.0,122.99591,0.05694570916029208,Fairly Priced
37.7591,-122.44843,,,,,30,20,0.27,0.27,1,0,0.0,,2023,0.0,0,0,0,0,0,0,0,0,San Francisco,Haight Ashbury,Entire home/apt,Apartment,Unknown,Unknown,316.0,162.33873,0.9465471996462835,Overpriced
30.27252,-97.74831,,,,,1,0,,0.0,1,0,0.0,,2020,0.0,0,0,0,0,0,0,0,0,Austin,78701,Private room,Apartment,Unknown,Unknown,850.0,194.93471,3.360434374584401,Overpriced
40.77407,-73.95238,,,,,3,211,3.95,3.95,1,230,0.6301369863013698,,2019,0.0,0,0,0,0,0,0,0,0,New York,Upper East Side,Entire home/apt,Apartment,Unknown,Unknown,125.0,163.32094,-0.23463579473477636,Underpriced
40.68948,-73.93528,,,,,1,0,,0.0,1,0,0.0,,2019,0.0,0,0,0,0,0,0,0,0,New York,Bedford-Stuyvesant,Private room,Apartment,Unknown,Unknown,18.0,62.02502,-0.7097945341079949,Underpriced
30.29021,-97.72079,,,,,3,21,2.75,2.75,1,0,0.0,,2020,0.0,0,0,0,0,0,0,0,0,Austin,78722,Entire home/apt,Apartment,Unknown,Unknown,89.0,133.20625,-0.331863197402462,Underpriced
37.75964,-122.48932,,,,,1,56,1.01,1.01,4,26,0.07123287671232877,,2023,0.0,0,0,0,0,0,0,0,0,San Francisco,Outer Sunset,Private room,Apartment,Unknown,Unknown,95.0,91.41823,0.03918006204114879,Fairly Priced
42.339093859346114,-71.07900523916494,2.0,1.0,1.0,1.0,7,0,,0.0,1,0,0.0,,2023,3.0,0,1,1,1,0,0,0,0,Boston,South End,Private room,Apartment,f,f,60.0,91.43088,-0.3437665532824189,Underpriced
40.6844,-73.8472,,,,,1,2,0.04,0.04,2,364,0.9972602739726028,,2019,0.0,0,0,0,0,0,0,0,0,New York,Ozone Park,Private room,Apartment,Unknown,Unknown,58.0,95.10278,-0.390133516112553,Underpriced
40.70925,-73.85262,,,,,3,28,1.21,1.21,3,209,0.5726027397260274,,2019,0.0,0,0,0,0,0,0,0,0,New York,Forest Hills,Entire home/apt,Apartment,Unknown,Unknown,97.0,144.06845,-0.32670894026162745,Underpriced
37.7548,-122.41119,,,,,28,25,0.22,0.22,1,75,0.2054794520547945,,2023,0.0,0,0,0,0,0,0,0,0,San Francisco,Mission,Entire home/apt,Apartment,Unknown,Unknown,218.0,160.14836,0.36123778200584006,Overpriced
30.35778,-97.64985,,,,,2,0,,0.0,1,0,0.0,,2020,0.0,0,0,0,0,0,0,0,0,Austin,78754,Entire home/apt,Apartment,Unknown,Unknown,400.0,157.70386,1.5363995943989905,Overpriced
47.605557051094365,-122.33908947783549,4.0,1.0,1.0,2.0,2,10,0.41,0.41,1,360,0.9863013698630136,94.0,2023,7.5,1,1,1,1,1,1,1,0,Seattle,Central Business District,Entire home/apt,Apartment,f,f,104.0,152.73424,-0.3190786716460243,Underpriced
42.349757160919,-71.08775450314117,3.0,1.0,1.0,1.0,2,50,2.83,2.83,1,120,0.3287671232876712,93.0,2023,3.0,0,1,1,1,0,0,0,0,Boston,Back Bay,Entire home/apt,Apartment,f,f,248.0,168.80046,0.46919030198127787,Overpriced
42.35721790205242,-71.07050227797782,2.0,1.0,0.0,1.0,2,18,2.41,2.41,11,155,0.4246575342465753,93.0,2023,3.0,0,1,1,1,0,0,0,0,Boston,Beacon Hill,Entire home/apt,Apartment,f,f,209.0,154.03644,0.3568218191068548,Overpriced
40.72805,-73.99871,,,,,2,2,0.03,0.03,1,0,0.0,,2019,0.0,0,0,0,0,0,0,0,0,New York,Greenwich Village,Entire home/apt,Apartment,Unknown,Unknown,175.0,192.2147,-0.08955977792460305,Fairly Priced
40.84611,-73.91036,,,,,3,59,1.0,1.0,1,343,0.9397260273972603,,2019,0.0,0,0,0,0,0,0,0,0,New York,Mount Hope,Private room,Apartment,Unknown,Unknown,40.0,62.115395,-0.35603725513533047,Underpriced
42.382681252067194,-71.08571963808129,2.0,1.0,1.0,1.0,2,6,0.33,0.33,8,356,0.9753424657534246,70.0,2023,4.0,1,1,1,1,1,0,0,0,Somerville,Somerville,Private room,Apartment,t,f,69.0,83.955185,-0.17813295209617733,Underpriced
30.15843,-97.78193,,,,,2,3,0.51,0.51,1,259,0.7095890410958904,,2020,0.0,0,0,0,0,0,0,0,0,Austin,78744,Entire home/apt,Apartment,Unknown,Unknown,85.0,154.45914,-0.44969263928736336,Underpriced
30.27266,-97.74674,,,,,1,1,0.13,0.13,2,0,0.0,,2020,0.0,0,0,0,0,0,0,0,0,Austin,78701,Entire home/apt,Apartment,Unknown,Unknown,173.0,224.77243,-0.23033265388998178,Underpriced
40.72182,-73.99625,,,,,3,65,1.04,1.04,1,106,0.29041095890410956,,2019,0.0,0,0,0,0,0,0,0,0,New York,Nolita,Entire home/apt,Apartment,Unknown,Unknown,185.0,220.48257,-0.16093142303571337,Underpriced
40.72907,-73.95468,,,,,2,8,0.18,0.18,1,0,0.0,,2019,0.0,0,0,0,0,0,0,0,0,New York,Greenpoint,Entire home/apt,Apartment,Unknown,Unknown,112.0,143.05577,-0.21708855703117008,Underpriced
42.35931918425464,-71.05319415858384,4.0,1.0,1.0,1.0,3,0,,0.0,1,34,0.09315068493150686,,2023,5.5,1,1,0,1,0,1,1,0,Boston,Financial District,Entire home/apt,Apartment,f,f,250.0,253.42819,-0.013527272201807852,Fairly Priced
42.35287968493279,-71.12511942575341,1.0,1.0,1.0,1.0,7,5,0.44,0.44,1,0,0.0,96.0,2023,3.0,0,1,1,1,0,0,0,0,Boston,Allston-Brighton,Private room,Apartment,f,f,28.0,44.222683,-0.36684076744430183,Underpriced
30.40294,-97.74753,,,,,1,9,1.17,1.17,116,74,0.20273972602739726,,2020,0.0,0,0,0,0,0,0,0,0,Austin,78759,Entire home/apt,Apartment,Unknown,Unknown,143.0,126.05466,0.13442853618602227,Fairly Priced
38.93213,-77.03441,,,,,31,5,0.06,0.06,1,0,0.0,,2023,0.0,0,0,0,0,0,0,0,0,Washington D.C.,"Columbia Heights, Mt. Pleasant, Pleasant Plains, Park View",Entire home/apt,Apartment,Unknown,Unknown,80.0,106.48143,-0.24869528931338808,Underpriced
42.3566169433856,-71.13847571224115,1.0,1.5,1.0,1.0,1,2,0.78,0.78,5,365,1.0,100.0,2023,2.0,0,1,0,1,0,0,0,0,Boston,Allston-Brighton,Private room,House,f,f,55.0,58.880447,-0.06590383667000191,Fairly Priced
40.71292,-73.94873,,,,,6,3,0.06,0.06,1,0,0.0,,2019,0.0,0,0,0,0,0,0,0,0,New York,Williamsburg,Entire home/apt,Apartment,Unknown,Unknown,66.0,149.90056,-0.5597081113445671,Underpriced
47.66321788314095,-122.30437085771638,6.0,2.0,2.0,2.0,1,8,0.44,0.44,11,365,1.0,68.0,2023,2.0,0,1,1,0,0,0,0,0,Seattle,University District,Entire home/apt,Apartment,f,f,150.0,170.47325,-0.12009656166883054,Fairly Priced
40.7309,-73.98785,,,,,2,40,0.73,0.73,1,0,0.0,,2019,0.0,0,0,0,0,0,0,0,0,New York,East Village,Entire home/apt,Apartment,Unknown,Unknown,165.0,177.14972,-0.06858446793211598,Fairly Priced
30.31773,-97.72142,,,,,30,20,0.47,0.47,1,363,0.9945205479452055,,2020,0.0,0,0,0,0,0,0,0,0,Austin,78751,Private room,Apartment,Unknown,Unknown,60.0,47.528446,0.2624018835091579,Overpriced
47.683094029694615,-122.3713839227005,6.0,1.0,2.0,4.0,1,22,5.55,5.55,1,167,0.4575342465753425,98.0,2023,3.0,1,1,0,0,1,0,0,1,Seattle,Ballard,Entire home/apt,House,f,f,125.0,114.41069,0.09255524692588803,Fairly Priced
40.66221,-73.99743,,,,,2,33,0.39,0.39,1,20,0.0547945205479452,,2019,0.0,0,0,0,0,0,0,0,0,New York,Sunset Park,Private room,Apartment,Unknown,Unknown,50.0,67.455925,-0.25877526682721863,Underpriced
47.70343743429742,-122.32570709944667,4.0,2.0,2.0,3.0,2,6,2.0,2.0,1,276,0.7561643835616438,100.0,2023,5.5,1,1,1,1,0,0,1,1,Seattle,Maple Leaf,Entire home/apt,Apartment,f,f,94.0,151.92604,-0.38127789286028146,Underpriced
37.78773,-122.40768,,,,,2,4,0.05,0.05,4,301,0.8246575342465754,,2023,0.0,0,0,0,0,0,0,0,0,San Francisco,Downtown/Civic Center,Private room,Apartment,Unknown,Unknown,225.0,198.82195,0.13166582182111353,Fairly Priced
38.90713,-77.01687,,,,,1,453,5.01,5.01,2,0,0.0,,2023,0.0,0,0,0,0,0,0,0,0,Washington D.C.,"Shaw, Logan Circle",Entire home/apt,Apartment,Unknown,Unknown,578.0,156.55602,2.691969292562272,Overpriced
38.92985,-76.99702,,,,,91,0,,0.0,173,292,0.8,,2023,0.0,0,0,0,0,0,0,0,0,Washington D.C.,"Edgewood, Bloomingdale, Truxton Circle, Eckington",Private room,Apartment,Unknown,Unknown,51.0,47.788986,0.06719150266340007,Fairly Priced
40.74344,-73.99826,,,,,2,0,,0.0,1,0,0.0,,2019,0.0,0,0,0,0,0,0,0,0,New York,Chelsea,Entire home/apt,Apartment,Unknown,Unknown,750.0,301.87894,1.4844396499827284,Overpriced
47.57761916015534,-122.41366735523944,4.0,2.0,1.0,3.0,3,1,0.39,0.39,1,82,0.22465753424657534,100.0,2023,4.0,1,1,1,1,1,0,0,0,Seattle,Alki,Entire home/apt,House,f,f,135.0,198.13803,-0.31865680044025596,Underpriced
30.27487,-97.75084,,,,,2,122,3.99,3.99,1,74,0.20273972602739726,,2020,0.0,0,0,0,0,0,0,0,0,Austin,78701,Entire home/apt,Apartment,Unknown,Unknown,113.0,120.61333,-0.06312177280959047,Fairly Priced
40.72066,-73.98506,,,,,3,100,1.06,1.06,1,191,0.5232876712328767,,2019,0.0,0,0,0,0,0,0,0,0,New York,Lower East Side,Entire home/apt,Apartment,Unknown,Unknown,200.0,213.19618,-0.06189689755064137,Fairly Priced
40.72578,-73.97879,,,,,3,147,1.6,1.6,1,27,0.07397260273972603,,2019,0.0,0,0,0,0,0,0,0,0,New York,East Village,Entire home/apt,Apartment,Unknown,Unknown,190.0,187.72368,0.012125915218815704,Fairly Priced
35.51099,-82.61195,,,,,2,159,4.69,4.69,1,301,0.8246575342465754,,2020,0.0,0,0,0,0,0,0,0,0,Asheville,28806,Entire home/apt,Apartment,Unknown,Unknown,65.0,121.55173,-0.4652482408391449,Underpriced
38.92823,-77.03901,,,,,2,43,1.49,1.49,1,0,0.0,,2023,0.0,0,0,0,0,0,0,0,0,Washington D.C.,"Columbia Heights, Mt. Pleasant, Pleasant Plains, Park View",Entire home/apt,Apartment,Unknown,Unknown,80.0,138.37187,-0.4218478157907418,Underpriced
40.72186,-73.97663,,,,,14,2,0.04,0.04,1,3,0.00821917808219178,,2019,0.0,0,0,0,0,0,0,0,0,New York,East Village,Entire home/apt,Apartment,Unknown,Unknown,125.0,154.99489,-0.19352179051551305,Underpriced
38.90558,-77.00084,,,,,3,325,3.77,3.77,1,229,0.6273972602739726,,2023,0.0,0,0,0,0,0,0,0,0,Washington D.C.,"Union Station, Stanton Park, Kingman Park",Private room,Apartment,Unknown,Unknown,72.0,98.8165,-0.2713767275608945,Underpriced
38.90947,-77.0277,,,,,1,225,4.32,4.32,9,291,0.7972602739726027,,2023,0.0,0,0,0,0,0,0,0,0,Washington D.C.,"Shaw, Logan Circle",Private room,Apartment,Unknown,Unknown,144.0,101.60704,0.41722462760096646,Overpriced
30.29252,-97.7414,,,,,3,42,1.37,1.37,1,0,0.0,,2020,0.0,0,0,0,0,0,0,0,0,Austin,78705,Entire home/apt,Apartment,Unknown,Unknown,112.0,148.93651,-0.2480017064344648,Underpriced
40.73774,-73.97343,,,,,28,1,0.03,0.03,1,72,0.19726027397260273,,2019,0.0,0,0,0,0,0,0,0,0,New York,Kips Bay,Private room,Apartment,Unknown,Unknown,95.0,91.25765,0.041008590772107736,Fairly Priced
47.61429607370371,-122.3473831543682,4.0,1.0,1.0,2.0,2,3,0.45,0.45,6,156,0.4273972602739726,93.0,2023,7.5,1,1,1,1,1,1,1,0,Seattle,Belltown,Entire home/apt,Apartment,t,f,275.0,150.75912,0.8241018608017084,Overpriced
30.27062,-97.74796,,,,,2,6,0.2,0.2,6,42,0.11506849315068493,,2020,0.0,0,0,0,0,0,0,0,0,Austin,78701,Entire home/apt,Apartment,Unknown,Unknown,210.0,267.70462,-0.21555332247699963,Underpriced
30.26052,-97.73296,,,,,1,1,0.15,0.15,1,0,0.0,,2020,0.0,0,0,0,0,0,0,0,0,Austin,78702,Entire home/apt,Apartment,Unknown,Unknown,88.0,208.71698,-0.5783764214668359,Underpriced
40.69787,-73.93202,,,,,1,8,0.17,0.17,1,0,0.0,,2019,0.0,0,0,0,0,0,0,0,0,New York,Bushwick,Private room,Apartment,Unknown,Unknown,55.0,60.93815,-0.09744550244544924,Fairly Priced
40.66205,-73.96301,,,,,5,12,0.34,0.34,1,0,0.0,,2019,0.0,0,0,0,0,0,0,0,0,New York,Prospect-Lefferts Gardens,Entire home/apt,Apartment,Unknown,Unknown,150.0,111.2266,0.3485982591169181,Overpriced
38.92539,-77.04148,,,,,31,0,,0.0,1,0,0.0,,2023,0.0,0,0,0,0,0,0,0,0,Washington D.C.,"Kalorama Heights, Adams Morgan, Lanier Heights",Private room,Apartment,Unknown,Unknown,350.0,78.50362,3.458393337133925,Overpriced
30.25185,-97.72586,,,,,2,20,0.49,0.49,1,0,0.0,,2020,0.0,0,0,0,0,0,0,0,0,Austin,78702,Entire home/apt,Apartment,Unknown,Unknown,59.0,181.10617,-0.6742242421291006,Underpriced
40.67417,-73.94028,,,,,5,102,1.88,1.88,5,147,0.40273972602739727,,2019,0.0,0,0,0,0,0,0,0,0,New York,Crown Heights,Private room,Apartment,Unknown,Unknown,73.0,60.609745,0.20442677937557405,Overpriced
30.3063,-97.69349,,,,,3,11,0.68,0.68,1,327,0.8958904109589041,,2020,0.0,0,0,0,0,0,0,0,0,Austin,78723,Entire home/apt,Apartment,Unknown,Unknown,575.0,217.61244,1.6423121521522812,Overpriced
37.72064,-122.48513,,,,,30,0,,0.0,2,365,1.0,,2023,0.0,0,0,0,0,0,0,0,0,San Francisco,Lakeshore,Shared room,Apartment,Unknown,Unknown,53.0,90.24998,-0.4127422333377997,Underpriced
38.91963958740234,-77.01187896728516,,,,,2,215,4.15,4.15,1,123,0.336986301369863,,2023,0.0,0,0,0,0,0,0,0,0,Washington D.C.,"Edgewood, Bloomingdale, Truxton Circle, Eckington",Entire home/apt,Apartment,Unknown,Unknown,118.0,127.112785,-0.07169054879119272,Fairly Priced
38.9692,-77.02507,,,,,60,3,0.08,0.08,7,229,0.6273972602739726,,2023,0.0,0,0,0,0,0,0,0,0,Washington D.C.,"Takoma, Brightwood, Manor Park",Private room,Apartment,Unknown,Unknown,41.0,57.17036,-0.28284517371108986,Underpriced
37.77957,-122.39116,,,,,30,6,0.09,0.09,17,290,0.7945205479452054,,2023,0.0,0,0,0,0,0,0,0,0,San Francisco,South of Market,Entire home/apt,Apartment,Unknown,Unknown,123.0,163.16171,-0.24614667249479705,Underpriced
30.20904,-97.80751,,,,,1,4,0.1,0.1,1,0,0.0,,2020,0.0,0,0,0,0,0,0,0,0,Austin,78745,Private room,Apartment,Unknown,Unknown,20.0,62.039326,-0.6776238334348814,Underpriced
42.35411529429635,-71.07441444576361,2.0,1.0,1.0,1.0,2,22,0.28,0.28,79,353,0.9671232876712329,85.0,2023,4.0,0,1,1,1,0,0,0,1,Boston,Back Bay,Entire home/apt,Apartment,f,f,251.0,229.34123,0.0944390482383126,Fairly Priced
37.75207,-122.48654,,,,,1,53,3.17,3.17,1,123,0.336986301369863,,2023,0.0,0,0,0,0,0,0,0,0,San Francisco,Outer Sunset,Entire home/apt,Apartment,Unknown,Unknown,134.0,183.78517,-0.2708878583624371,Underpriced
47.63934586006096,-122.34313235161407,4.0,1.0,1.0,2.0,2,0,,0.0,5,77,0.21095890410958903,,2023,4.0,1,1,1,1,1,0,0,0,Seattle,Queen Anne,Entire home/apt,Apartment,f,f,73.0,130.5705,-0.4409150423953625,Underpriced
40.82579,-73.94907,,,,,2,2,0.05,0.05,1,0,0.0,,2019,0.0,0,0,0,0,0,0,0,0,New York,Harlem,Private room,Apartment,Unknown,Unknown,65.0,66.69944,-0.025479074522652686,Fairly Priced
37.80604,-122.42302,,,,,3,212,3.03,3.03,1,35,0.0958904109589041,,2023,0.0,0,0,0,0,0,0,0,0,San Francisco,Russian Hill,Entire home/apt,Apartment,Unknown,Unknown,236.0,212.7924,0.10906214399519044,Fairly Priced
30.38305,-97.91259,,,,,5,0,,0.0,3,77,0.21095890410958903,,2020,0.0,0,0,0,0,0,0,0,0,Austin,78732,Entire home/apt,Apartment,Unknown,Unknown,200.0,270.1156,-0.2595762719141065,Underpriced
40.68554,-73.99499,,,,,7,32,0.5,0.5,1,24,0.06575342465753424,,2019,0.0,0,0,0,0,0,0,0,0,New York,Cobble Hill,Entire home/apt,Apartment,Unknown,Unknown,175.0,217.82802,-0.19661390919610464,Underpriced
42.34652131433815,-71.07838416340084,4.0,1.5,2.0,2.0,4,3,0.13,0.13,79,360,0.9863013698630136,87.0,2023,3.0,0,1,1,1,0,0,0,0,Boston,Back Bay,Entire home/apt,Apartment,f,f,299.0,314.95535,-0.05065909387539719,Fairly Priced
30.33706,-97.7323,,,,,30,9,0.63,0.63,1,106,0.29041095890410956,,2020,0.0,0,0,0,0,0,0,0,0,Austin,78757,Entire home/apt,Apartment,Unknown,Unknown,200.0,93.11411,1.1479021156930884,Overpriced
40.69634,-73.97296,,,,,1,152,3.02,3.02,1,249,0.6821917808219178,,2019,0.0,0,0,0,0,0,0,0,0,New York,Fort Greene,Private room,Apartment,Unknown,Unknown,70.0,80.81194,-0.1337914006961549,Fairly Priced
40.70399,-73.91195,,,,,4,17,0.39,0.39,2,262,0.7178082191780822,,2019,0.0,0,0,0,0,0,0,0,0,New York,Ridgewood,Private room,Apartment,Unknown,Unknown,46.0,59.02676,-0.2206924465946998,Underpriced
35.55258,-82.50942,,,,,2,132,2.2,2.2,1,266,0.7287671232876712,,2020,0.0,0,0,0,0,0,0,0,0,Asheville,28803,Entire home/apt,Apartment,Unknown,Unknown,120.0,165.22682,-0.27372566620537564,Underpriced
30.23263,-97.75899,,,,,3,3,1.2,1.2,1,16,0.043835616438356165,,2020,0.0,0,0,0,0,0,0,0,0,Austin,78704,Entire home/apt,Apartment,Unknown,Unknown,250.0,153.93098,0.6241044700442238,Overpriced
38.9142735,-77.0424493,,,,,32,1,0.03,0.03,221,0,0.0,,2023,0.0,0,0,0,0,0,0,0,0,Washington D.C.,"Dupont Circle, Connecticut Avenue/K Street",Entire home/apt,Apartment,Unknown,Unknown,230.0,161.31897,0.4257467698303097,Overpriced
47.692887258958955,-122.30779620053598,8.0,2.0,3.0,3.0,3,10,0.99,0.99,2,305,0.8356164383561644,96.0,2023,3.0,1,1,1,0,1,0,0,0,Seattle,Maple Leaf,Entire home/apt,Apartment,f,f,135.0,252.87315,-0.4661354990361926,Underpriced
38.88683,-77.00416,,,,,31,1,0.29,0.29,173,246,0.673972602739726,,2023,0.0,0,0,0,0,0,0,0,0,Washington D.C.,"Capitol Hill, Lincoln Park",Entire home/apt,Apartment,Unknown,Unknown,147.0,141.60379,0.03810780563150623,Fairly Priced
47.66247669890075,-122.3326592048572,2.0,1.5,1.0,1.0,2,25,0.92,0.92,1,94,0.25753424657534246,100.0,2023,3.0,0,1,1,1,0,0,0,0,Seattle,Wallingford,Private room,House,f,f,65.0,68.84862,-0.05589970707412552,Fairly Priced
40.67174,-73.95663,,,,,5,104,1.04,1.04,1,272,0.7452054794520548,,2019,0.0,0,0,0,0,0,0,0,0,New York,Crown Heights,Entire home/apt,Apartment,Unknown,Unknown,120.0,148.12624,-0.1898801773991329,Underpriced
30.25747,-97.74718,,,,,3,69,1.21,1.21,2,0,0.0,,2020,0.0,0,0,0,0,0,0,0,0,Austin,78704,Private room,Apartment,Unknown,Unknown,52.0,76.156456,-0.31719511732092404,Underpriced
30.35684,-97.71317,,,,,28,5,0.15,0.15,3,89,0.24383561643835616,,2020,0.0,0,0,0,0,0,0,0,0,Austin,78758,Private room,Apartment,Unknown,Unknown,47.0,35.42236,0.3268455491898939,Overpriced
30.25925,-97.74848,,,,,2,5,0.55,0.55,27,191,0.5232876712328767,,2020,0.0,0,0,0,0,0,0,0,0,Austin,78704,Entire home/apt,Apartment,Unknown,Unknown,129.0,204.49081,-0.36916481799439016,Underpriced
47.62595730381212,-122.31780468586264,4.0,1.0,2.0,2.0,2,1,0.13,0.13,1,216,0.5917808219178082,100.0,2023,2.0,0,1,1,0,0,0,0,0,Seattle,Capitol Hill,Entire home/apt,Apartment,f,f,134.0,198.49901,-0.32493365468426794,Underpriced
40.72765,-73.98199,,,,,2,1,0.02,0.02,1,0,0.0,,2019,0.0,0,0,0,0,0,0,0,0,New York,East Village,Entire home/apt,Apartment,Unknown,Unknown,199.0,193.55359,0.02813903459341028,Fairly Priced
40.72246,-73.97912,,,,,3,2,0.05,0.05,1,0,0.0,,2019,0.0,0,0,0,0,0,0,0,0,New York,East Village,Private room,Apartment,Unknown,Unknown,110.0,104.02768,0.057410879379390684,Fairly Priced
30.26492,-97.73349,,,,,1,43,1.72,1.72,1,350,0.958904109589041,,2020,0.0,0,0,0,0,0,0,0,0,Austin,78702,Entire home/apt,Apartment,Unknown,Unknown,370.0,259.54825,0.4255538322306131,Overpriced
37.78564,-122.40846,,,,,1,122,1.54,1.54,46,49,0.13424657534246576,,2023,0.0,0,0,0,0,0,0,0,0,San Francisco,Downtown/Civic Center,Private room,Apartment,Unknown,Unknown,89.0,86.47454,0.029204656871286688,Fairly Priced
37.75184,-122.43703,,,,,30,11,0.14,0.14,1,179,0.4904109589041096,,2023,0.0,0,0,0,0,0,0,0,0,San Francisco,Noe Valley,Entire home/apt,Apartment,Unknown,Unknown,132.0,175.67647,-0.2486187730133926,Underpriced
40.72023,-73.9479,,,,,3,1,0.02,0.02,2,188,0.5150684931506849,,2019,0.0,0,0,0,0,0,0,0,0,New York,Greenpoint,Private room,Apartment,Unknown,Unknown,118.0,95.84752,0.23112211279442385,Overpriced
35.63204,-82.58511,,,,,3,132,2.11,2.11,3,119,0.32602739726027397,,2020,0.0,0,0,0,0,0,0,0,0,Asheville,28804,Entire home/apt,Apartment,Unknown,Unknown,111.0,171.36098,-0.3522445901552343,Underpriced
30.29988,-97.74024,,,,,1,0,,0.0,1,3,0.00821917808219178,,2020,0.0,0,0,0,0,0,0,0,0,Austin,78705,Entire home/apt,Apartment,Unknown,Unknown,86.0,208.28831,-0.5871107792360112,Underpriced
40.71297,-73.96409,,,,,2,5,0.27,0.27,1,0,0.0,,2019,0.0,0,0,0,0,0,0,0,0,New York,Williamsburg,Entire home/apt,Apartment,Unknown,Unknown,165.0,174.4254,-0.054036853532494517,Fairly Priced
40.6989,-73.92904,,,,,90,91,1.59,1.59,1,365,1.0,,2019,0.0,0,0,0,0,0,0,0,0,New York,Bushwick,Entire home/apt,Apartment,Unknown,Unknown,200.0,126.66487,0.5789697497045274,Overpriced
30.25143,-97.75016,,,,,2,28,0.34,0.34,1,0,0.0,,2020,0.0,0,0,0,0,0,0,0,0,Austin,78704,Entire home/apt,Apartment,Unknown,Unknown,242.0,207.2533,0.16765332464768035,Overpriced
35.60048,-82.55759,,,,,1,791,9.99,9.99,3,329,0.9013698630136986,,2020,0.0,0,0,0,0,0,0,0,0,Asheville,28801,Private room,Apartment,Unknown,Unknown,87.0,82.14417,0.0591134729805074,Fairly Priced
35.55373,-82.62268,,,,,1,135,8.05,8.05,42,327,0.8958904109589041,,2020,0.0,0,0,0,0,0,0,0,0,Asheville,28806,Entire home/apt,Apartment,Unknown,Unknown,73.0,104.43905,-0.30102772036158865,Underpriced
38.9041,-76.97904,,,,,31,40,0.63,0.63,1,0,0.0,,2023,0.0,0,0,0,0,0,0,0,0,Washington D.C.,"Ivy City, Arboretum, Trinidad, Carver Langston",Entire home/apt,Apartment,Unknown,Unknown,70.0,95.86821,-0.26983094690456627,Underpriced
30.27498,-97.73035,,,,,4,4,0.13,0.13,1,0,0.0,,2020,0.0,0,0,0,0,0,0,0,0,Austin,78702,Entire home/apt,Apartment,Unknown,Unknown,175.0,214.8676,-0.18554495690570713,Underpriced
30.1602,-97.85187,,,,,30,9,0.17,0.17,1,290,0.7945205479452054,,2020,0.0,0,0,0,0,0,0,0,0,Austin,78748,Entire home/apt,Apartment,Unknown,Unknown,105.0,101.23163,0.037225239195721155,Fairly Priced
40.68444,-73.94201,,,,,3,20,0.34,0.34,1,257,0.7041095890410959,,2019,0.0,0,0,0,0,0,0,0,0,New York,Bedford-Stuyvesant,Private room,Apartment,Unknown,Unknown,275.0,69.40172,2.962437924759323,Overpriced
30.27769,-97.70256,,,,,3,0,,0.0,1,0,0.0,,2020,0.0,0,0,0,0,0,0,0,0,Austin,78702,Entire home/apt,Apartment,Unknown,Unknown,150.0,261.833,-0.42711577408370227,Underpriced
30.25882,-97.78863,,,,,1,0,,0.0,1,0,0.0,,2020,0.0,0,0,0,0,0,0,0,0,Austin,78746,Private room,Apartment,Unknown,Unknown,129.0,144.35658,-0.10637951079603909,Fairly Priced
47.55778269106579,-122.2820305689717,2.0,1.0,0.0,1.0,2,16,1.42,1.42,1,354,0.9698630136986301,86.0,2023,2.0,0,1,1,0,0,0,0,0,Seattle,Columbia City,Entire home/apt,Apartment,t,f,90.0,88.12321,0.021297374092949344,Fairly Priced
37.78334,-122.39104,,,,,31,1,0.05,0.05,138,339,0.9287671232876712,,2023,0.0,0,0,0,0,0,0,0,0,San Francisco,South of Market,Entire home/apt,Apartment,Unknown,Unknown,129.0,169.517,-0.2390143684673953,Underpriced
35.58561,-82.55271,,,,,2,13,2.03,2.03,1,272,0.7452054794520548,,2020,0.0,0,0,0,0,0,0,0,0,Asheville,28801,Entire home/apt,Apartment,Unknown,Unknown,252.0,185.70758,0.3569720699144458,Overpriced
40.76602,-73.99249,,,,,5,5,0.09,0.09,8,43,0.1178082191780822,,2019,0.0,0,0,0,0,0,0,0,0,New York,Hell's Kitchen,Entire home/apt,Apartment,Unknown,Unknown,229.0,173.56085,0.3194219623501163,Overpriced
47.54672394646645,-122.26990257722716,5.0,2.0,3.0,3.0,3,1,0.06,0.06,2,365,1.0,100.0,2023,4.0,1,1,1,1,1,0,0,0,Seattle,Columbia City,Entire home/apt,House,f,t,160.0,236.71346,-0.3240772905592399,Underpriced
40.73125,-73.98344,,,,,2,292,3.9,3.9,2,231,0.6328767123287671,,2019,0.0,0,0,0,0,0,0,0,0,New York,East Village,Private room,Apartment,Unknown,Unknown,109.0,102.31318,0.06535639932401682,Fairly Priced
40.73947,-74.00114,,,,,30,6,0.12,0.12,39,267,0.7315068493150685,,2019,0.0,0,0,0,0,0,0,0,0,New York,Chelsea,Entire home/apt,Apartment,Unknown,Unknown,160.0,155.67902,0.027755724532422192,Fairly Priced
42.33273192726593,-71.04153712764575,2.0,1.0,1.0,1.0,3,15,0.96,0.96,1,271,0.7424657534246575,96.0,2023,3.0,0,1,1,1,0,0,0,0,Boston,South Boston,Entire home/apt,Apartment,f,f,150.0,175.30055,-0.14432671218872234,Fairly Priced
47.653057001142265,-122.35032874572836,4.0,1.0,1.0,2.0,2,11,3.63,3.63,2,360,0.9863013698630136,93.0,2023,2.0,0,1,1,0,0,0,0,0,Seattle,Fremont,Entire home/apt,Apartment,t,f,115.0,108.393036,0.060953769374205866,Fairly Priced
30.44776,-97.69012,,,,,7,0,,0.0,2,129,0.35342465753424657,,2020,0.0,0,0,0,0,0,0,0,0,Austin,78728,Private room,Apartment,Unknown,Unknown,30.0,61.6322,-0.5132414417939616,Underpriced
30.22901,-97.69248,,,,,1,177,3.65,3.65,2,340,0.9315068493150684,,2020,0.0,0,0,0,0,0,0,0,0,Austin,78741,Private room,Apartment,Unknown,Unknown,32.0,51.793003,-0.3821559265608399,Underpriced
37.76137,-122.42661,,,,,2,454,3.92,3.92,1,90,0.2465753424657534,,2023,0.0,0,0,0,0,0,0,0,0,San Francisco,Castro/Upper Market,Private room,Apartment,Unknown,Unknown,142.0,116.55404,0.2183189979217739,Overpriced
40.68413,-73.92357,,,,,7,139,1.23,1.23,2,311,0.852054794520548,,2019,0.0,0,0,0,0,0,0,0,0,New York,Bedford-Stuyvesant,Entire home/apt,Apartment,Unknown,Unknown,125.0,130.786,-0.04424017619021674,Fairly Priced
47.67271727544414,-122.3614171313138,2.0,1.0,1.0,1.0,1,1,0.3,0.3,1,126,0.3452054794520548,100.0,2023,4.0,1,1,1,1,1,0,0,0,Seattle,Ballard,Private room,Apartment,f,f,50.0,74.69143,-0.3305791497509437,Underpriced
30.28898,-97.74915,,,,,2,3,1.67,1.67,34,364,0.9972602739726028,,2020,0.0,0,0,0,0,0,0,0,0,Austin,78705,Entire home/apt,Apartment,Unknown,Unknown,179.0,170.61525,0.04914420243329996,Fairly Priced
38.95534,-77.01039,,,,,1,31,0.66,0.66,1,155,0.4246575342465753,,2023,0.0,0,0,0,0,0,0,0,0,Washington D.C.,"Takoma, Brightwood, Manor Park",Entire home/apt,Apartment,Unknown,Unknown,96.0,114.45682,-0.16125572953730963,Underpriced
42.3630127707613,-71.05176378181494,4.0,1.0,2.0,2.0,2,6,1.55,1.55,1,107,0.29315068493150687,100.0,2023,4.0,0,1,1,1,0,0,0,1,Boston,North End,Entire home/apt,Apartment,f,f,400.0,234.95703,0.7024389432908278,Overpriced
40.75374,-73.8924,,,,,2,0,,0.0,1,188,0.5150684931506849,,2019,0.0,0,0,0,0,0,0,0,0,New York,Jackson Heights,Private room,Apartment,Unknown,Unknown,70.0,75.3476,-0.0709724349863269,Fairly Priced
40.6913,-73.92934,,,,,3,4,0.53,0.53,1,14,0.038356164383561646,,2019,0.0,0,0,0,0,0,0,0,0,New York,Bedford-Stuyvesant,Entire home/apt,Apartment,Unknown,Unknown,200.0,113.19477,0.76686607131724,Overpriced
40.731,-73.98427,,,,,1,233,3.39,3.39,2,17,0.04657534246575343,,2019,0.0,0,0,0,0,0,0,0,0,New York,East Village,Entire home/apt,Apartment,Unknown,Unknown,110.0,146.97934,-0.25159549430787925,Underpriced
30.15933,-97.75243,,,,,30,71,2.31,2.31,2,0,0.0,,2020,0.0,0,0,0,0,0,0,0,0,Austin,78744,Private room,Apartment,Unknown,Unknown,27.0,37.143723,-0.27309385926102114,Underpriced
40.66039,-73.95937,,,,,7,34,0.39,0.39,1,332,0.9095890410958904,,2019,0.0,0,0,0,0,0,0,0,0,New York,Prospect-Lefferts Gardens,Private room,Apartment,Unknown,Unknown,92.0,67.043076,0.37225208165717777,Overpriced
40.73111,-73.95592,,,,,3,16,0.4,0.4,1,0,0.0,,2019,0.0,0,0,0,0,0,0,0,0,New York,Greenpoint,Entire home/apt,Apartment,Unknown,Unknown,190.0,149.5695,0.2703124312972197,Overpriced
40.71253,-73.96023,,,,,4,2,0.04,0.04,1,0,0.0,,2019,0.0,0,0,0,0,0,0,0,0,New York,Williamsburg,Private room,Apartment,Unknown,Unknown,75.0,81.35474,-0.07811144888350054,Fairly Priced
47.72323034005443,-122.30373182618672,2.0,1.0,1.0,1.0,1,10,1.69,1.69,3,365,1.0,96.0,2023,5.0,1,1,1,1,1,0,0,1,Seattle,Olympic Hills,Private room,House,f,f,55.0,62.28141,-0.11691145386531925,Fairly Priced
38.877,-77.01414,,,,,31,0,,0.0,1,0,0.0,,2023,0.0,0,0,0,0,0,0,0,0,Washington D.C.,"Southwest Employment Area, Southwest/Waterfront, Fort McNair, Buzzard Point",Entire home/apt,Apartment,Unknown,Unknown,200.0,216.13098,-0.07463521119203409,Fairly Priced
30.22832,-97.72631,,,,,1,3,0.1,0.1,1,0,0.0,,2020,0.0,0,0,0,0,0,0,0,0,Austin,78741,Entire home/apt,Apartment,Unknown,Unknown,150.0,104.72864,0.432272999066365,Overpriced
40.73727,-74.00213,,,,,5,1,0.01,0.01,1,365,1.0,,2019,0.0,0,0,0,0,0,0,0,0,New York,West Village,Entire home/apt,Apartment,Unknown,Unknown,700.0,310.86694,1.2517672430380324,Overpriced
40.69141,-73.934,,,,,4,54,1.14,1.14,1,0,0.0,,2019,0.0,0,0,0,0,0,0,0,0,New York,Bedford-Stuyvesant,Entire home/apt,Apartment,Unknown,Unknown,101.0,111.266205,-0.09226705313893062,Fairly Priced
40.77117,-73.90427,,,,,1,16,0.68,0.68,2,364,0.9972602739726028,,2019,0.0,0,0,0,0,0,0,0,0,New York,Ditmars Steinway,Private room,Apartment,Unknown,Unknown,200.0,82.43581,1.4261302101447975,Overpriced
37.788659476922014,-122.41399028778542,,,,,2,0,,0.0,16,75,0.2054794520547945,,2023,0.0,0,0,0,0,0,0,0,0,San Francisco,Downtown/Civic Center,Entire home/apt,Apartment,Unknown,Unknown,460.0,394.90527,0.1648363061750865,Overpriced
40.72705,-73.95504,,,,,5,0,,0.0,2,0,0.0,,2019,0.0,0,0,0,0,0,0,0,0,New York,Greenpoint,Private room,Apartment,Unknown,Unknown,70.0,83.112656,-0.1577696626191441,Underpriced
38.87892,-76.98749,,,,,2,64,2.46,2.46,1,21,0.057534246575342465,,2023,0.0,0,0,0,0,0,0,0,0,Washington D.C.,"Capitol Hill, Lincoln Park",Entire home/apt,Apartment,Unknown,Unknown,125.0,123.30144,0.013775691980492243,Fairly Priced
37.76274,-122.47001,,,,,30,0,,0.0,25,362,0.9917808219178083,,2023,0.0,0,0,0,0,0,0,0,0,San Francisco,Inner Sunset,Private room,Apartment,Unknown,Unknown,64.0,59.743084,0.07125370443598807,Fairly Priced
47.55781910756468,-122.36348240088977,2.0,1.0,1.0,1.0,1,1,0.59,0.59,2,353,0.9671232876712329,80.0,2023,4.0,0,1,1,1,0,0,0,1,Seattle,North Delridge,Private room,House,f,f,85.0,57.578476,0.4762460901299416,Overpriced
38.89566,-76.98787,,,,,31,29,0.63,0.63,2,365,1.0,,2023,0.0,0,0,0,0,0,0,0,0,Washington D.C.,"Union Station, Stanton Park, Kingman Park",Entire home/apt,Apartment,Unknown,Unknown,200.0,213.65936,-0.06393056037616462,Fairly Priced
37.73865,-122.41431,,,,,30,4,0.04,0.04,2,278,0.7616438356164383,,2023,0.0,0,0,0,0,0,0,0,0,San Francisco,Bernal Heights,Entire home/apt,Apartment,Unknown,Unknown,265.0,166.6306,0.5903441507071736,Overpriced
37.71605,-122.45002,,,,,1,9,0.23,0.23,3,106,0.29041095890410956,,2023,0.0,0,0,0,0,0,0,0,0,San Francisco,Outer Mission,Entire home/apt,Apartment,Unknown,Unknown,295.0,242.10132,0.21849811475252787,Overpriced
40.79891,-73.96705,,,,,3,7,0.15,0.15,1,10,0.0273972602739726,,2019,0.0,0,0,0,0,0,0,0,0,New York,Upper West Side,Private room,Apartment,Unknown,Unknown,89.0,97.38151,-0.08606878304266793,Fairly Priced
42.37772359797676,-71.05132419433814,2.0,1.0,1.0,1.0,1,19,1.14,1.14,1,248,0.6794520547945205,100.0,2023,4.0,1,1,1,1,1,0,0,0,Boston,Charlestown,Entire home/apt,Apartment,f,t,199.0,197.23213,0.0089633875801159,Fairly Priced
30.17795,-97.82488,,,,,30,51,0.85,0.85,3,173,0.473972602739726,,2020,0.0,0,0,0,0,0,0,0,0,Austin,78748,Private room,Apartment,Unknown,Unknown,36.0,45.32979,-0.20582024705687116,Underpriced
38.90831,-77.079994,,,,,2,25,2.09,2.09,1,37,0.10136986301369863,,2023,0.0,0,0,0,0,0,0,0,0,Washington D.C.,"Spring Valley, Palisades, Wesley Heights, Foxhall Crescent, Foxhall Village, Georgetown Reservoir",Entire home/apt,Apartment,Unknown,Unknown,146.0,170.23663,-0.14237025739318368,Fairly Priced
42.35397478093875,-71.07261173686383,2.0,1.0,1.0,1.0,2,21,0.36,0.36,79,356,0.9753424657534246,81.0,2023,4.0,0,1,1,1,0,0,0,1,Boston,Back Bay,Entire home/apt,Apartment,f,f,251.0,228.50505,0.0984439918326883,Fairly Priced
37.76284,-122.45487,,,,,30,76,0.8,0.8,1,35,0.0958904109589041,,2023,0.0,0,0,0,0,0,0,0,0,San Francisco,Inner Sunset,Entire home/apt,Apartment,Unknown,Unknown,95.0,143.22829,-0.3367231979088508,Underpriced
30.40289,-97.7192,,,,,2,7,0.19,0.19,1,0,0.0,,2020,0.0,0,0,0,0,0,0,0,0,Austin,78758,Entire home/apt,Apartment,Unknown,Unknown,66.0,129.1639,-0.48902129207898276,Underpriced
40.69839,-73.97666,,,,,14,15,0.41,0.41,1,32,0.08767123287671233,,2019,0.0,0,0,0,0,0,0,0,0,New York,Navy Yard,Entire home/apt,Apartment,Unknown,Unknown,125.0,153.03377,-0.18318680982301616,Underpriced
38.95582,-77.0149,,,,,31,40,0.65,0.65,6,365,1.0,,2023,0.0,0,0,0,0,0,0,0,0,Washington D.C.,"Brightwood Park, Crestwood, Petworth",Private room,Apartment,Unknown,Unknown,50.0,64.414795,-0.22378080904174072,Underpriced
38.90618,-76.98498,,,,,1125,10,0.07,0.07,3,365,1.0,,2023,0.0,0,0,0,0,0,0,0,0,Washington D.C.,"Ivy City, Arboretum, Trinidad, Carver Langston",Private room,Apartment,Unknown,Unknown,500.0,197.30502,1.5341473415504423,Overpriced
38.91182,-77.09056,,,,,1,62,1.06,1.06,14,165,0.4520547945205479,,2023,0.0,0,0,0,0,0,0,0,0,Washington D.C.,"Spring Valley, Palisades, Wesley Heights, Foxhall Crescent, Foxhall Village, Georgetown Reservoir",Entire home/apt,Apartment,Unknown,Unknown,199.0,195.74669,0.016620006072438184,Fairly Priced
30.2592,-97.73446,,,,,2,139,1.87,1.87,1,329,0.9013698630136986,,2020,0.0,0,0,0,0,0,0,0,0,Austin,78702,Entire home/apt,Apartment,Unknown,Unknown,424.0,255.49866,0.6594999151953255,Overpriced
40.64509,-73.94825,,,,,30,7,0.16,0.16,7,342,0.936986301369863,,2019,0.0,0,0,0,0,0,0,0,0,New York,East Flatbush,Shared room,Apartment,Unknown,Unknown,27.0,32.590977,-0.1715498361391411,Underpriced
37.78069,-122.43029,,,,,1,79,4.5,4.5,3,126,0.3452054794520548,,2023,0.0,0,0,0,0,0,0,0,0,San Francisco,Western Addition,Private room,Apartment,Unknown,Unknown,89.0,105.94326,-0.15992768357350592,Underpriced
40.73305,-73.98668,,,,,4,1,0.02,0.02,1,0,0.0,,2019,0.0,0,0,0,0,0,0,0,0,New York,East Village,Private room,Apartment,Unknown,Unknown,130.0,107.17292,0.21299298110557216,Overpriced
30.28879,-97.74811,,,,,30,0,,0.0,10,280,0.7671232876712328,,2020,0.0,0,0,0,0,0,0,0,0,Austin,78705,Private room,Apartment,Unknown,Unknown,20.0,34.833164,-0.4258345329610609,Underpriced
37.74406,-122.47285,,,,,30,1,0.37,0.37,10,158,0.4328767123287671,,2023,0.0,0,0,0,0,0,0,0,0,San Francisco,Parkside,Private room,Apartment,Unknown,Unknown,48.0,54.304146,-0.11608958613764765,Fairly Priced
30.21267,-97.63359,,,,,2,3,1.08,1.08,1,84,0.23013698630136986,,2020,0.0,0,0,0,0,0,0,0,0,Austin,78725,Entire home/apt,Apartment,Unknown,Unknown,495.0,164.91466,2.001552483117128,Overpriced
30.25532,-97.7338,,,,,4,5,0.12,0.12,1,177,0.4849315068493151,,2020,0.0,0,0,0,0,0,0,0,0,Austin,78702,Entire home/apt,Apartment,Unknown,Unknown,650.0,320.3453,1.0290604763707984,Overpriced
47.66374670205,-122.28870354951738,6.0,2.0,2.0,2.0,1,1,0.46,0.46,2,355,0.9726027397260274,80.0,2023,4.5,1,1,1,1,0,0,1,0,Seattle,Bryant,Entire home/apt,House,f,f,150.0,155.53557,-0.03559036881428257,Fairly Priced
35.58858,-82.62484,,,,,2,67,2.79,2.79,1,0,0.0,,2020,0.0,0,0,0,0,0,0,0,0,Asheville,28806,Entire home/apt,Apartment,Unknown,Unknown,114.0,111.675995,0.020810247802986227,Fairly Priced
37.78004,-122.4331,,,,,30,1,0.28,0.28,6,0,0.0,,2023,0.0,0,0,0,0,0,0,0,0,San Francisco,Western Addition,Entire home/apt,Apartment,Unknown,Unknown,217.0,138.30072,0.5690446128038998,Overpriced
42.33617223217502,-71.07542723618671,2.0,1.0,1.0,1.0,1,9,0.78,0.78,1,5,0.0136986301369863,100.0,2023,4.0,1,1,1,1,1,0,0,0,Boston,South End,Entire home/apt,Apartment,f,f,178.0,175.15845,0.016222755903207056,Fairly Priced
30.20687,-97.83309,,,,,5,1,1.0,1.0,1,1,0.0027397260273972603,,2020,0.0,0,0,0,0,0,0,0,0,Austin,78745,Entire home/apt,Apartment,Unknown,Unknown,140.0,105.08775,0.33221993628313856,Overpriced
37.7896,-122.44309,,,,,30,0,,0.0,1,0,0.0,,2023,0.0,0,0,0,0,0,0,0,0,San Francisco,Pacific Heights,Private room,Apartment,Unknown,Unknown,225.0,88.63455,1.5385134230163646,Overpriced
42.36340800514069,-71.06763390122244,3.0,1.0,1.0,2.0,10,1,0.04,0.04,61,86,0.2356164383561644,100.0,2023,7.5,1,1,1,1,0,1,1,1,Boston,West End,Entire home/apt,Apartment,f,f,209.0,223.95743,-0.06678692514699937,Fairly Priced
30.17602,-97.76573,,,,,4,5,0.16,0.16,2,89,0.24383561643835616,,2020,0.0,0,0,0,0,0,0,0,0,Austin,78744,Private room,Apartment,Unknown,Unknown,85.0,73.203926,0.16113990798318079,Overpriced
40.72493,-74.00307,,,,,3,73,0.94,0.94,1,44,0.12054794520547946,,2019,0.0,0,0,0,0,0,0,0,0,New York,SoHo,Entire home/apt,Apartment,Unknown,Unknown,235.0,273.7937,-0.1416895312267323,Fairly Priced
30.28941,-97.76861,,,,,1,436,10.43,10.43,2,149,0.40821917808219177,,2020,0.0,0,0,0,0,0,0,0,0,Austin,78703,Entire home/apt,Apartment,Unknown,Unknown,108.0,102.75399,0.05105407408325897,Fairly Priced
37.78628,-122.40077,,,,,30,1,0.07,0.07,17,331,0.9068493150684932,,2023,0.0,0,0,0,0,0,0,0,0,San Francisco,Financial District,Entire home/apt,Apartment,Unknown,Unknown,295.0,156.02359,0.8907397261774435,Overpriced
30.17278,-97.80848,,,,,2,8,0.42,0.42,1,77,0.21095890410958903,,2020,0.0,0,0,0,0,0,0,0,0,Austin,78748,Private room,Apartment,Unknown,Unknown,128.0,40.655594,2.148398235253274,Overpriced
37.70959,-122.43903,,,,,2,62,4.12,4.12,1,77,0.21095890410958903,,2023,0.0,0,0,0,0,0,0,0,0,San Francisco,Crocker Amazon,Entire home/apt,Apartment,Unknown,Unknown,186.0,158.0252,0.17702740543473852,Overpriced
40.73389,-73.98724,,,,,31,0,,0.0,1,365,1.0,,2019,0.0,0,0,0,0,0,0,0,0,New York,Gramercy,Entire home/apt,Apartment,Unknown,Unknown,250.0,233.43762,0.07094990851431324,Fairly Priced
47.612548495973606,-122.33162951941026,3.0,1.0,1.0,2.0,2,3,1.06,1.06,5,52,0.14246575342465753,100.0,2023,4.5,1,1,1,1,0,0,1,0,Seattle,Central Business District,Entire home/apt,Condominium,f,f,89.0,146.4207,-0.3921624472804689,Underpriced
40.72778,-73.98305,,,,,2,246,3.3,3.3,1,216,0.5917808219178082,,2019,0.0,0,0,0,0,0,0,0,0,New York,East Village,Private room,Apartment,Unknown,Unknown,125.0,102.64792,0.21775484180930543,Overpriced
40.72924,-74.00148,,,,,2,21,0.36,0.36,1,268,0.7342465753424657,,2019,0.0,0,0,0,0,0,0,0,0,New York,Greenwich Village,Private room,Apartment,Unknown,Unknown,99.0,118.19028,-0.16236764622724453,Underpriced
30.24578,-97.75509,,,,,100,5,0.07,0.07,2,0,0.0,,2020,0.0,0,0,0,0,0,0,0,0,Austin,78704,Entire home/apt,Apartment,Unknown,Unknown,130.0,118.19807,0.09984878447621316,Fairly Priced
30.27574,-97.76426,,,,,1,0,,0.0,1,0,0.0,,2020,0.0,0,0,0,0,0,0,0,0,Austin,78703,Entire home/apt,Apartment,Unknown,Unknown,650.0,326.41727,0.9913162262560512,Overpriced
40.80082,-73.9652,,,,,1,104,1.05,1.05,2,364,0.9972602739726028,,2019,0.0,0,0,0,0,0,0,0,0,New York,Upper West Side,Private room,Apartment,Unknown,Unknown,109.0,127.36135,-0.14416736998403032,Fairly Priced
40.76404,-73.91174,,,,,4,86,1.88,1.88,1,324,0.8876712328767123,,2019,0.0,0,0,0,0,0,0,0,0,New York,Astoria,Private room,Apartment,Unknown,Unknown,75.0,64.096535,0.17011005847812607,Overpriced
38.913143580262926,-77.0315538495273,,,,,91,0,,0.0,173,107,0.29315068493150687,,2023,0.0,0,0,0,0,0,0,0,0,Washington D.C.,"Shaw, Logan Circle",Private room,Apartment,Unknown,Unknown,101.0,76.155716,0.32623006362928353,Overpriced
40.68852,-73.92393,,,,,2,50,1.35,1.35,3,126,0.3452054794520548,,2019,0.0,0,0,0,0,0,0,0,0,New York,Bedford-Stuyvesant,Private room,Apartment,Unknown,Unknown,38.0,63.473732,-0.4013271505255823,Underpriced
37.74737,-122.42449,,,,,4,0,,0.0,2,0,0.0,,2023,0.0,0,0,0,0,0,0,0,0,San Francisco,Bernal Heights,Entire home/apt,Apartment,Unknown,Unknown,465.0,308.45648,0.5075060089030901,Overpriced
38.8944206237793,-76.99826049804688,,,,,31,7,0.18,0.18,35,226,0.6191780821917808,,2023,0.0,0,0,0,0,0,0,0,0,Washington D.C.,"Union Station, Stanton Park, Kingman Park",Entire home/apt,Apartment,Unknown,Unknown,78.0,142.53844,-0.45277918221885183,Underpriced
40.75741,-73.92509,,,,,1,0,,0.0,1,0,0.0,,2019,0.0,0,0,0,0,0,0,0,0,New York,Astoria,Entire home/apt,Apartment,Unknown,Unknown,125.0,135.60445,-0.07820131781653888,Fairly Priced
40.74513,-73.91685,,,,,30,10,0.28,0.28,3,332,0.9095890410958904,,2019,0.0,0,0,0,0,0,0,0,0,New York,Sunnyside,Entire home/apt,Apartment,Unknown,Unknown,90.0,110.241104,-0.18360759615439182,Underpriced
40.66021,-73.96107,,,,,7,19,0.43,0.43,1,0,0.0,,2019,0.0,0,0,0,0,0,0,0,0,New York,Prospect-Lefferts Gardens,Entire home/apt,Apartment,Unknown,Unknown,79.0,97.790825,-0.1921532506883678,Underpriced
40.68444,-73.95692,,,,,7,1,0.02,0.02,1,0,0.0,,2019,0.0,0,0,0,0,0,0,0,0,New York,Bedford-Stuyvesant,Entire home/apt,Apartment,Unknown,Unknown,175.0,116.7125,0.4994109260968662,Overpriced
38.93272,-77.03058,,,,,1,208,9.18,9.18,2,39,0.10684931506849316,,2023,0.0,0,0,0,0,0,0,0,0,Washington D.C.,"Columbia Heights, Mt. Pleasant, Pleasant Plains, Park View",Private room,Apartment,Unknown,Unknown,58.0,75.89183,-0.23575436696653382,Underpriced
42.36426654089742,-71.13078915086457,4.0,2.0,2.0,2.0,3,1,0.73,0.73,58,0,0.0,80.0,2023,5.5,1,1,1,1,0,0,1,1,Boston,Allston-Brighton,Entire home/apt,Condominium,t,f,179.0,222.12401,-0.19414384123671724,Underpriced
30.22828,-97.79522,,,,,2,45,2.14,2.14,1,162,0.4438356164383562,,2020,0.0,0,0,0,0,0,0,0,0,Austin,78745,Entire home/apt,Apartment,Unknown,Unknown,75.0,132.73882,-0.43498064355787464,Underpriced
37.79013,-122.4208,,,,,30,7,0.09,0.09,25,360,0.9863013698630136,,2023,0.0,0,0,0,0,0,0,0,0,San Francisco,Nob Hill,Private room,Apartment,Unknown,Unknown,120.0,77.812164,0.5421753278459959,Overpriced
30.23657,-97.80589,,,,,1,7,0.31,0.31,4,61,0.16712328767123288,,2020,0.0,0,0,0,0,0,0,0,0,Austin,78735,Entire home/apt,Apartment,Unknown,Unknown,45.0,120.94996,-0.6279453052651419,Underpriced
40.80113,-73.96566,,,,,1,0,,0.0,1,0,0.0,,2019,0.0,0,0,0,0,0,0,0,0,New York,Upper West Side,Private room,Apartment,Unknown,Unknown,50.0,88.61789,-0.43577983704974566,Underpriced
38.88596,-77.00297,,,,,7,0,,0.0,2,51,0.13972602739726028,,2023,0.0,0,0,0,0,0,0,0,0,Washington D.C.,"Capitol Hill, Lincoln Park",Entire home/apt,Apartment,Unknown,Unknown,510.0,238.45326,1.138783906827506,Overpriced
37.7262,-122.44664,,,,,2,104,5.36,5.36,3,29,0.07945205479452055,,2023,0.0,0,0,0,0,0,0,0,0,San Francisco,Outer Mission,Entire home/apt,Apartment,Unknown,Unknown,163.0,134.03723,0.21608002673872279,Overpriced
40.71594,-73.82264,,,,,5,80,1.16,1.16,2,298,0.8164383561643835,,2019,0.0,0,0,0,0,0,0,0,0,New York,Briarwood,Private room,Apartment,Unknown,Unknown,56.0,57.33697,-0.023317786988800073,Fairly Priced
30.2642,-97.74142,,,,,2,11,1.39,1.39,25,293,0.8027397260273973,,2020,0.0,0,0,0,0,0,0,0,0,Austin,78701,Entire home/apt,Apartment,Unknown,Unknown,198.0,186.5915,0.06114154512166331,Fairly Priced
30.25157,-97.74258,,,,,2,20,0.38,0.38,20,0,0.0,,2020,0.0,0,0,0,0,0,0,0,0,Austin,78704,Entire home/apt,Apartment,Unknown,Unknown,111.0,173.19482,-0.3591032497610677,Underpriced
30.24417,-97.73988,,,,,1,119,1.58,1.58,11,44,0.12054794520547946,,2020,0.0,0,0,0,0,0,0,0,0,Austin,78704,Entire home/apt,Apartment,Unknown,Unknown,178.0,157.33138,0.13137001352650296,Fairly Priced
42.32999627100473,-71.05431805538188,2.0,1.0,1.0,1.0,1,14,2.44,2.44,5,64,0.17534246575342466,97.0,2023,4.0,1,1,1,1,1,0,0,0,Boston,South Boston,Private room,Condominium,t,f,128.0,92.083626,0.3900408340469039,Overpriced
40.7137,-73.94214,,,,,14,0,,0.0,1,0,0.0,,2019,0.0,0,0,0,0,0,0,0,0,New York,Williamsburg,Private room,Apartment,Unknown,Unknown,105.0,64.57645,0.6259798368746163,Overpriced
40.72212,-73.95696,,,,,3,63,0.71,0.71,2,87,0.23835616438356164,,2019,0.0,0,0,0,0,0,0,0,0,New York,Williamsburg,Private room,Apartment,Unknown,Unknown,129.0,94.98842,0.3580602975569628,Overpriced
30.24706,-97.74503,,,,,2,77,2.92,2.92,28,348,0.9534246575342465,,2020,0.0,0,0,0,0,0,0,0,0,Austin,78704,Entire home/apt,Apartment,Unknown,Unknown,374.0,159.96559,1.3380027958206726,Overpriced
40.7076,-73.94072,,,,,1,3,0.07,0.07,1,0,0.0,,2019,0.0,0,0,0,0,0,0,0,0,New York,Williamsburg,Entire home/apt,Apartment,Unknown,Unknown,87.0,132.37187,-0.34276067324924386,Underpriced
30.24497,-97.76461,,,,,2,5,0.08,0.08,1,0,0.0,,2020,0.0,0,0,0,0,0,0,0,0,Austin,78704,Entire home/apt,Apartment,Unknown,Unknown,424.0,198.5148,1.1358608920337843,Overpriced
47.620564690786104,-122.32508155515544,2.0,1.0,1.0,1.0,1,8,0.42,0.42,1,208,0.5698630136986301,95.0,2023,4.0,1,1,1,0,1,0,0,1,Seattle,Capitol Hill,Entire home/apt,Apartment,f,f,100.0,129.61285,-0.22847158355924932,Underpriced
40.68325,-73.94975,,,,,1,117,1.61,1.61,15,236,0.6465753424657534,,2019,0.0,0,0,0,0,0,0,0,0,New York,Bedford-Stuyvesant,Private room,Apartment,Unknown,Unknown,45.0,60.889084,-0.2609512716308305,Underpriced
40.76716,-73.96366,,,,,3,4,0.09,0.09,1,0,0.0,,2019,0.0,0,0,0,0,0,0,0,0,New York,Upper East Side,Entire home/apt,Apartment,Unknown,Unknown,135.0,178.90605,-0.24541401050611836,Underpriced
40.67219,-73.95461,,,,,30,18,0.36,0.36,3,339,0.9287671232876712,,2019,0.0,0,0,0,0,0,0,0,0,New York,Crown Heights,Private room,Apartment,Unknown,Unknown,129.0,63.116653,1.043834597754141,Overpriced
38.93535,-77.03118,,,,,31,0,,0.0,1,0,0.0,,2023,0.0,0,0,0,0,0,0,0,0,Washington D.C.,"Columbia Heights, Mt. Pleasant, Pleasant Plains, Park View",Entire home/apt,Apartment,Unknown,Unknown,50.0,158.40701,-0.6843574089796696,Underpriced
37.792521,-122.410035,,,,,1,0,,0.0,26,119,0.32602739726027397,,2023,0.0,0,0,0,0,0,0,0,0,San Francisco,Nob Hill,Private room,Apartment,Unknown,Unknown,592.0,210.69356,1.8097679224375005,Overpriced
37.7783,-122.41857,,,,,30,0,,0.0,3,178,0.4876712328767123,,2023,0.0,0,0,0,0,0,0,0,0,San Francisco,Downtown/Civic Center,Entire home/apt,Apartment,Unknown,Unknown,120.0,131.29277,-0.08601212658216961,Fairly Priced
30.32411,-97.68245,,,,,1,6,0.56,0.56,1,0,0.0,,2020,0.0,0,0,0,0,0,0,0,0,Austin,78752,Private room,Apartment,Unknown,Unknown,62.0,43.841537,0.41418398099122267,Overpriced
47.64646125745715,-122.31704056417558,6.0,2.0,3.0,3.0,2,9,1.3,1.3,1,274,0.7506849315068493,93.0,2023,5.0,1,1,1,1,1,0,0,1,Seattle,Portage Bay,Entire home/apt,House,f,f,250.0,208.14326,0.201095794647221,Overpriced
38.89498,-76.91354,,,,,2,32,2.68,2.68,9,230,0.6301369863013698,,2023,0.0,0,0,0,0,0,0,0,0,Washington D.C.,"Deanwood, Burrville, Grant Park, Lincoln Heights, Fairmont Heights",Private room,Apartment,Unknown,Unknown,60.0,62.82732,-0.045001443550788854,Fairly Priced
47.613602090579285,-122.3474066700914,4.0,1.0,1.0,2.0,2,13,0.66,0.66,6,147,0.40273972602739727,95.0,2023,7.5,1,1,1,1,1,1,1,0,Seattle,Belltown,Entire home/apt,Apartment,f,f,127.0,150.67274,-0.15711364912148873,Underpriced
40.73947,-73.98593,,,,,3,99,2.26,2.26,1,110,0.3013698630136986,,2019,0.0,0,0,0,0,0,0,0,0,New York,Flatiron District,Entire home/apt,Apartment,Unknown,Unknown,221.0,202.98872,0.0887304275426971,Fairly Priced
38.91747,-77.07319,,,,,3,164,3.17,3.17,1,32,0.08767123287671233,,2023,0.0,0,0,0,0,0,0,0,0,Washington D.C.,"Cathedral Heights, McLean Gardens, Glover Park",Entire home/apt,Apartment,Unknown,Unknown,125.0,145.7011,-0.14207920330659765,Fairly Priced
40.67845,-73.99983,,,,,3,3,0.07,0.07,1,0,0.0,,2019,0.0,0,0,0,0,0,0,0,0,New York,Carroll Gardens,Private room,Apartment,Unknown,Unknown,60.0,95.60159,-0.3723953952423378,Underpriced
30.28161,-97.76093,,,,,1,44,0.69,0.69,5,204,0.5589041095890411,,2020,0.0,0,0,0,0,0,0,0,0,Austin,78703,Entire home/apt,Apartment,Unknown,Unknown,145.0,213.34383,-0.32034592929715777,Underpriced
37.76942,-122.42426,,,,,30,1,1.0,1.0,9,166,0.4547945205479452,,2023,0.0,0,0,0,0,0,0,0,0,San Francisco,Mission,Private room,Apartment,Unknown,Unknown,45.0,67.09091,-0.3292683204188434,Underpriced
38.91173,-77.00862,,,,,2,86,0.84,0.84,1,152,0.41643835616438357,,2023,0.0,0,0,0,0,0,0,0,0,Washington D.C.,"Edgewood, Bloomingdale, Truxton Circle, Eckington",Entire home/apt,Apartment,Unknown,Unknown,250.0,200.71141,0.24556944395557093,Overpriced
30.35912,-97.984,,,,,2,8,0.28,0.28,17,352,0.9643835616438357,,2020,0.0,0,0,0,0,0,0,0,0,Austin,78734,Entire home/apt,Apartment,Unknown,Unknown,396.0,281.79425,0.4052806234116836,Overpriced
30.23027,-97.72666,,,,,2,0,,0.0,1,365,1.0,,2020,0.0,0,0,0,0,0,0,0,0,Austin,78741,Entire home/apt,Apartment,Unknown,Unknown,300.0,366.65833,-0.18179956819418944,Underpriced
37.76463,-122.44376,,,,,90,0,,0.0,2,135,0.3698630136986301,,2023,0.0,0,0,0,0,0,0,0,0,San Francisco,Castro/Upper Market,Entire home/apt,Apartment,Unknown,Unknown,650.0,205.63562,2.160930969204549,Overpriced
30.26583,-97.62699,,,,,1,1,0.06,0.06,1,89,0.24383561643835616,,2020,0.0,0,0,0,0,0,0,0,0,Austin,78725,Private room,Apartment,Unknown,Unknown,107.0,105.183,0.017274667636114224,Fairly Priced
40.74245,-73.9845,,,,,4,149,2.68,2.68,1,287,0.7863013698630137,,2019,0.0,0,0,0,0,0,0,0,0,New York,Midtown,Entire home/apt,Apartment,Unknown,Unknown,220.0,216.00378,0.018500675048304525,Fairly Priced
30.35673,-97.72045,,,,,2,1,0.04,0.04,1,0,0.0,,2020,0.0,0,0,0,0,0,0,0,0,Austin,78757,Entire home/apt,Apartment,Unknown,Unknown,100.0,146.77338,-0.3186775257980609,Underpriced
37.80033,-122.42738,,,,,30,0,,0.0,4,0,0.0,,2023,0.0,0,0,0,0,0,0,0,0,San Francisco,Marina,Entire home/apt,Apartment,Unknown,Unknown,95.0,237.0508,-0.5992420131080314,Underpriced
35.59357,-82.53762,,,,,2,14,1.4,1.4,10,312,0.8547945205479452,,2020,0.0,0,0,0,0,0,0,0,0,Asheville,28805,Entire home/apt,Apartment,Unknown,Unknown,209.0,166.00438,0.2590029306213114,Overpriced
40.73604,-73.95415,,,,,2,4,0.16,0.16,1,322,0.8821917808219178,,2019,0.0,0,0,0,0,0,0,0,0,New York,Greenpoint,Entire home/apt,Apartment,Unknown,Unknown,250.0,186.35112,0.34155351471217643,Overpriced
47.66668939085139,-122.33927120405662,4.0,1.0,2.0,2.0,2,12,1.82,1.82,2,364,0.9972602739726028,95.0,2023,2.0,0,1,1,0,0,0,0,0,Seattle,Wallingford,Entire home/apt,House,f,f,126.0,138.24666,-0.08858556491389255,Fairly Priced
38.92866,-76.99099,,,,,2,110,1.14,1.14,1,40,0.1095890410958904,,2023,0.0,0,0,0,0,0,0,0,0,Washington D.C.,"Brookland, Brentwood, Langdon",Entire home/apt,Apartment,Unknown,Unknown,125.0,140.26389,-0.10882263416451143,Fairly Priced
38.89053,-77.00139,,,,,31,9,0.11,0.11,18,335,0.9178082191780822,,2023,0.0,0,0,0,0,0,0,0,0,Washington D.C.,"Capitol Hill, Lincoln Park",Entire home/apt,Apartment,Unknown,Unknown,160.0,154.99483,0.03229251464474237,Fairly Priced
37.71753,-122.45155,,,,,3,20,1.34,1.34,1,179,0.4904109589041096,,2023,0.0,0,0,0,0,0,0,0,0,San Francisco,Ocean View,Private room,Apartment,Unknown,Unknown,159.0,104.809685,0.5170353805955401,Overpriced
40.70834,-73.96646,,,,,2,0,,0.0,1,339,0.9287671232876712,,2019,0.0,0,0,0,0,0,0,0,0,New York,Williamsburg,Private room,Apartment,Unknown,Unknown,60.0,108.06028,-0.444754352983339,Underpriced
47.62091627474815,-122.29791487605736,6.0,2.0,2.0,3.0,2,7,1.41,1.41,10,365,1.0,97.0,2023,4.0,1,1,1,1,1,0,0,0,Seattle,Minor,Entire home/apt,Condominium,f,t,250.0,209.77455,0.19175561735945099,Overpriced
30.25745,-97.6892,,,,,21,12,0.97,0.97,2,21,0.057534246575342465,,2020,0.0,0,0,0,0,0,0,0,0,Austin,78721,Entire home/apt,Apartment,Unknown,Unknown,120.0,85.8656,0.3975328790706998,Overpriced
40.75927,-73.99223,,,,,5,14,0.25,0.25,1,0,0.0,,2019,0.0,0,0,0,0,0,0,0,0,New York,Hell's Kitchen,Entire home/apt,Apartment,Unknown,Unknown,189.0,186.55563,0.013102613995784431,Fairly Priced
40.69582,-73.94989,,,,,7,0,,0.0,1,0,0.0,,2019,0.0,0,0,0,0,0,0,0,0,New York,Bedford-Stuyvesant,Private room,Apartment,Unknown,Unknown,133.0,61.951706,1.1468335374761056,Overpriced
47.67890862254743,-122.36350448503778,4.0,1.0,2.0,2.0,2,2,0.12,0.12,1,247,0.6767123287671233,100.0,2023,2.0,0,1,1,0,0,0,0,0,Seattle,Phinney Ridge,Entire home/apt,Apartment,f,f,150.0,145.24696,0.03272382695278501,Fairly Priced
47.6489240991816,-122.4127147406588,2.0,1.0,1.0,1.0,1,11,0.61,0.61,2,365,1.0,87.0,2023,4.0,1,1,1,1,1,0,0,0,Seattle,Magnolia,Private room,House,f,f,99.0,93.261375,0.06153270361351952,Fairly Priced
40.6951,-73.95605,,,,,4,31,0.37,0.37,1,0,0.0,,2019,0.0,0,0,0,0,0,0,0,0,New York,Bedford-Stuyvesant,Shared room,Apartment,Unknown,Unknown,45.0,51.248905,-0.12193246196591144,Fairly Priced
40.73666,-74.00691,,,,,2,3,0.1,0.1,1,0,0.0,,2019,0.0,0,0,0,0,0,0,0,0,New York,West Village,Entire home/apt,Apartment,Unknown,Unknown,149.0,213.48758,-0.3020671251383556,Underpriced
37.77455,-122.49918,,,,,2,58,3.31,3.31,1,63,0.1726027397260274,,2023,0.0,0,0,0,0,0,0,0,0,San Francisco,Outer Richmond,Entire home/apt,Apartment,Unknown,Unknown,151.0,201.48438,-0.2505622334238077,Underpriced
38.91169,-77.04225,,,,,31,33,1.45,1.45,173,224,0.6136986301369863,,2023,0.0,0,0,0,0,0,0,0,0,Washington D.C.,"Dupont Circle, Connecticut Avenue/K Street",Entire home/apt,Apartment,Unknown,Unknown,226.0,153.47472,0.47255525610703153,Overpriced
37.73671,-122.42686,,,,,30,33,0.52,0.52,1,0,0.0,,2023,0.0,0,0,0,0,0,0,0,0,San Francisco,Glen Park,Entire home/apt,Apartment,Unknown,Unknown,100.0,158.0437,-0.3672636159586744,Underpriced
37.749,-122.42244,,,,,5,161,1.54,1.54,3,31,0.08493150684931507,,2023,0.0,0,0,0,0,0,0,0,0,San Francisco,Mission,Private room,Apartment,Unknown,Unknown,95.0,122.78342,-0.22627987951384998,Underpriced
40.72418,-73.94757,,,,,1,2,0.04,0.04,1,0,0.0,,2019,0.0,0,0,0,0,0,0,0,0,New York,Greenpoint,Private room,Apartment,Unknown,Unknown,59.0,76.97878,-0.23355503989538703,Underpriced
40.76152,-73.92254,,,,,5,30,0.66,0.66,2,249,0.6821917808219178,,2019,0.0,0,0,0,0,0,0,0,0,New York,Astoria,Private room,Apartment,Unknown,Unknown,80.0,58.375282,0.3704430516646376,Overpriced
30.23835,-97.69676,,,,,1,51,4.77,4.77,4,12,0.03287671232876712,,2020,0.0,0,0,0,0,0,0,0,0,Austin,78741,Entire home/apt,Apartment,Unknown,Unknown,46.0,75.88024,-0.39378158062091695,Underpriced
40.80965,-73.93912,,,,,4,111,2.44,2.44,1,99,0.27123287671232876,,2019,0.0,0,0,0,0,0,0,0,0,New York,East Harlem,Entire home/apt,Apartment,Unknown,Unknown,150.0,127.19632,0.17927940442935156,Overpriced
37.74698,-122.50763,,,,,3,22,3.37,3.37,3,36,0.09863013698630137,,2023,0.0,0,0,0,0,0,0,0,0,San Francisco,Outer Sunset,Private room,Apartment,Unknown,Unknown,83.0,104.62262,-0.2066725121737644,Underpriced
40.66411,-73.92905,,,,,1,44,0.74,0.74,2,279,0.7643835616438356,,2019,0.0,0,0,0,0,0,0,0,0,New York,East Flatbush,Entire home/apt,Apartment,Unknown,Unknown,160.0,132.22073,0.21009765709298947,Overpriced
37.8053,-122.40647,,,,,30,0,,0.0,10,89,0.24383561643835616,,2023,0.0,0,0,0,0,0,0,0,0,San Francisco,North Beach,Entire home/apt,Apartment,Unknown,Unknown,198.0,269.16125,-0.2643814947058213,Underpriced
37.7505,-122.4091,,,,,30,4,0.06,0.06,2,0,0.0,,2023,0.0,0,0,0,0,0,0,0,0,San Francisco,Mission,Entire home/apt,Apartment,Unknown,Unknown,150.0,154.80406,-0.03103317723712571,Fairly Priced
30.39743,-97.66346,,,,,2,0,,0.0,1,0,0.0,,2020,0.0,0,0,0,0,0,0,0,0,Austin,78753,Entire home/apt,Apartment,Unknown,Unknown,180.0,165.8028,0.08562705203324998,Fairly Priced
40.73194,-74.00189,,,,,4,45,0.59,0.59,1,48,0.13150684931506848,,2019,0.0,0,0,0,0,0,0,0,0,New York,West Village,Entire home/apt,Apartment,Unknown,Unknown,200.0,247.93312,-0.1933308490083266,Underpriced
40.6831,-73.95473,,,,,1,74,0.66,0.66,2,269,0.736986301369863,,2019,0.0,0,0,0,0,0,0,0,0,New York,Bedford-Stuyvesant,Private room,Apartment,Unknown,Unknown,70.0,70.83933,-0.011848397634348452,Fairly Priced
30.46243,-97.78529,,,,,1,144,4.97,4.97,2,320,0.8767123287671232,,2020,0.0,0,0,0,0,0,0,0,0,Austin,78729,Private room,Apartment,Unknown,Unknown,28.0,45.346672,-0.38253462207498085,Underpriced
42.36781282979623,-71.03485019599802,2.0,1.0,1.0,1.0,1,198,8.6,8.6,3,277,0.7589041095890411,87.0,2023,4.0,0,1,1,1,0,0,0,1,Boston,East Boston,Private room,Apartment,f,f,105.0,82.18073,0.277671742703238,Overpriced
42.31004204312099,-71.04941830401073,2.0,1.0,1.0,1.0,7,17,0.26,0.26,1,248,0.6794520547945205,87.0,2023,3.0,1,1,1,0,1,0,0,0,Boston,Dorchester,Entire home/apt,House,f,f,95.0,137.62134,-0.3097000693635056,Underpriced
40.72143,-73.99427,,,,,3,13,0.29,0.29,1,0,0.0,,2019,0.0,0,0,0,0,0,0,0,0,New York,Nolita,Private room,Apartment,Unknown,Unknown,70.0,102.97041,-0.32019307469811886,Underpriced
30.22115,-97.73591,,,,,3,1,0.05,0.05,1,0,0.0,,2020,0.0,0,0,0,0,0,0,0,0,Austin,78741,Private room,Apartment,Unknown,Unknown,100.0,87.182434,0.1470200511482452,Fairly Priced
30.27992,-97.7544,,,,,1,24,1.28,1.28,2,0,0.0,,2020,0.0,0,0,0,0,0,0,0,0,Austin,78703,Private room,Apartment,Unknown,Unknown,85.0,59.74821,0.42263674024198356,Overpriced
40.71369,-73.98828,,,,,1,3,0.68,0.68,1,0,0.0,,2019,0.0,0,0,0,0,0,0,0,0,New York,Lower East Side,Private room,Apartment,Unknown,Unknown,81.0,87.81784,-0.0776361674511705,Fairly Priced
37.76196,-122.41779,,,,,1,19,1.31,1.31,1,17,0.04657534246575343,,2023,0.0,0,0,0,0,0,0,0,0,San Francisco,Mission,Entire home/apt,Apartment,Unknown,Unknown,197.0,279.2146,-0.2944495012953991,Underpriced
30.27875,-97.67704,,,,,2,2,0.19,0.19,76,265,0.726027397260274,,2020,0.0,0,0,0,0,0,0,0,0,Austin,78721,Entire home/apt,Apartment,Unknown,Unknown,157.0,214.32901,-0.2674813363209838,Underpriced
47.65373805266103,-122.33898023342284,6.0,1.5,2.0,3.0,3,5,0.67,0.67,2,262,0.7178082191780822,96.0,2023,4.0,0,1,1,1,0,0,0,1,Seattle,Wallingford,Entire home/apt,House,t,f,209.0,182.50084,0.14520021320401744,Fairly Priced
35.60038,-82.55727,,,,,3,32,2.49,2.49,1,133,0.3643835616438356,,2020,0.0,0,0,0,0,0,0,0,0,Asheville,28801,Entire home/apt,Apartment,Unknown,Unknown,229.0,167.45296,0.3675482588839985,Overpriced
47.70438254514187,-122.32210152665677,1.0,1.0,1.0,1.0,2,3,0.41,0.41,2,276,0.7561643835616438,100.0,2023,7.0,1,1,1,1,1,1,0,1,Seattle,Maple Leaf,Shared room,Apartment,f,t,30.0,49.75659,-0.39706481258862725,Underpriced
47.667803858606725,-122.28773811947144,6.0,1.0,3.0,3.0,2,0,,0.0,8,324,0.8876712328767123,,2023,4.0,1,1,1,1,1,0,0,0,Seattle,Bryant,Entire home/apt,House,f,f,185.0,179.89763,0.02836263740830929,Fairly Priced
37.78526,-122.41517,,,,,80,2,0.03,0.03,4,274,0.7506849315068493,,2023,0.0,0,0,0,0,0,0,0,0,San Francisco,Downtown/Civic Center,Entire home/apt,Apartment,Unknown,Unknown,65.0,108.86833,-0.4029485079809581,Underpriced
30.19552,-97.72962,,,,,1,0,,0.0,3,365,1.0,,2020,0.0,0,0,0,0,0,0,0,0,Austin,78744,Private room,Apartment,Unknown,Unknown,35.0,88.52375,-0.6046258785993431,Underpriced
30.28773,-97.72529,,,,,1,0,,0.0,1,0,0.0,,2020,0.0,0,0,0,0,0,0,0,0,Austin,78705,Entire home/apt,Apartment,Unknown,Unknown,400.0,183.66142,1.1779206218452556,Overpriced
42.33192694022545,-71.11127381322933,2.0,1.0,1.0,1.0,2,3,0.23,0.23,1,0,0.0,80.0,2023,2.0,0,1,1,0,0,0,0,0,Boston,Mission Hill,Private room,Apartment,f,f,90.0,59.79756,0.5050780922061409,Overpriced
42.35819787180854,-71.12901562046952,2.0,2.0,1.0,1.0,1,32,2.32,2.32,8,290,0.7945205479452054,97.0,2023,5.5,1,1,1,1,1,0,1,0,Boston,Allston,Private room,House,t,f,75.0,73.90358,0.014835821111236139,Fairly Priced
40.82888,-73.94307,,,,,3,20,0.26,0.26,1,364,0.9972602739726028,,2019,0.0,0,0,0,0,0,0,0,0,New York,Harlem,Private room,Apartment,Unknown,Unknown,75.0,102.6896,-0.2696436503820173,Underpriced
37.76458,-122.41571,,,,,1,269,2.43,2.43,4,76,0.20821917808219179,,2023,0.0,0,0,0,0,0,0,0,0,San Francisco,Mission,Private room,Apartment,Unknown,Unknown,100.0,105.98493,-0.05646964937300136,Fairly Priced
42.34237255365213,-71.07922266232886,2.0,1.0,0.0,1.0,2,55,3.08,3.08,19,325,0.8904109589041096,84.0,2023,3.0,0,1,1,1,0,0,0,0,Boston,South End,Entire home/apt,Apartment,f,f,100.0,145.37498,-0.31212374551223615,Underpriced
40.74039,-74.00356,,,,,7,6,0.13,0.13,1,358,0.9808219178082191,,2019,0.0,0,0,0,0,0,0,0,0,New York,Chelsea,Entire home/apt,Apartment,Unknown,Unknown,650.0,266.14102,1.4423142128876703,Overpriced
37.7737,-122.45116,,,,,4,104,1.52,1.52,1,92,0.25205479452054796,,2023,0.0,0,0,0,0,0,0,0,0,San Francisco,Haight Ashbury,Entire home/apt,Apartment,Unknown,Unknown,782.0,286.20407,1.7323161307417574,Overpriced
40.70884,-73.95742,,,,,1,3,0.06,0.06,1,0,0.0,,2019,0.0,0,0,0,0,0,0,0,0,New York,Williamsburg,Private room,Apartment,Unknown,Unknown,80.0,79.83074,0.0021202122601500922,Fairly Priced
37.76898,-122.43406,,,,,30,126,1.73,1.73,1,224,0.6136986301369863,,2023,0.0,0,0,0,0,0,0,0,0,San Francisco,Castro/Upper Market,Entire home/apt,Apartment,Unknown,Unknown,116.0,180.17741,-0.3561901158246618,Underpriced
30.46647,-97.76404,,,,,1,0,,0.0,1,0,0.0,,2020,0.0,0,0,0,0,0,0,0,0,Austin,78729,Private room,Apartment,Unknown,Unknown,53.0,80.00302,-0.3375250187008471,Underpriced
38.90576,-77.02533,,,,,2,144,2.2,2.2,1,0,0.0,,2023,0.0,0,0,0,0,0,0,0,0,Washington D.C.,"Shaw, Logan Circle",Entire home/apt,Apartment,Unknown,Unknown,99.0,201.73991,-0.5092691472584201,Underpriced
40.76432,-73.98599,,,,,2,195,3.69,3.69,1,241,0.6602739726027397,,2019,0.0,0,0,0,0,0,0,0,0,New York,Hell's Kitchen,Private room,Apartment,Unknown,Unknown,135.0,108.389435,0.24550884715932209,Overpriced
40.77424,-73.94839,,,,,10,16,0.2,0.2,1,0,0.0,,2019,0.0,0,0,0,0,0,0,0,0,New York,Upper East Side,Entire home/apt,Apartment,Unknown,Unknown,110.0,135.31398,-0.18707586668691942,Underpriced
37.77021,-122.42915,,,,,2,36,6.35,6.35,4,75,0.2054794520547945,,2023,0.0,0,0,0,0,0,0,0,0,San Francisco,Western Addition,Private room,Apartment,Unknown,Unknown,95.0,114.49586,-0.17027565633324962,Underpriced
47.69146333658343,-122.34291580595983,3.0,2.5,1.0,1.0,1,10,3.45,3.45,1,99,0.27123287671232876,100.0,2023,5.0,1,1,1,1,1,0,0,1,Seattle,Licton Springs,Private room,House,f,f,50.0,67.00376,-0.2537732354684988,Underpriced
47.66494949497077,-122.32113277173224,10.0,2.0,3.0,7.0,3,17,1.02,1.02,2,365,1.0,88.0,2023,3.0,1,1,1,0,1,0,0,0,Seattle,University District,Entire home/apt,House,f,f,275.0,277.5224,-0.009088995710729466,Fairly Priced
40.75188,-73.97252,,,,,2,0,,0.0,1,0,0.0,,2019,0.0,0,0,0,0,0,0,0,0,New York,Midtown,Entire home/apt,Apartment,Unknown,Unknown,455.0,234.52684,0.940076451772683,Overpriced
30.29854,-97.74529,,,,,2,2,0.03,0.03,1,0,0.0,,2020,0.0,0,0,0,0,0,0,0,0,Austin,78705,Private room,Apartment,Unknown,Unknown,115.0,65.16399,0.7647784719056185,Overpriced
37.72738,-122.372,,,,,30,200,2.73,2.73,1,364,0.9972602739726028,,2023,0.0,0,0,0,0,0,0,0,0,San Francisco,Bayview,Private room,Apartment,Unknown,Unknown,52.0,79.99796,-0.3499834485607877,Underpriced
40.72229,-73.9873,,,,,2,0,,0.0,1,0,0.0,,2019,0.0,0,0,0,0,0,0,0,0,New York,Lower East Side,Private room,Apartment,Unknown,Unknown,70.0,106.69819,-0.34394387759297457,Underpriced
40.73135,-73.98298,,,,,1,0,,0.0,1,0,0.0,,2019,0.0,0,0,0,0,0,0,0,0,New York,East Village,Entire home/apt,Apartment,Unknown,Unknown,150.0,221.61485,-0.32315005951286274,Underpriced
37.77242,-122.50969,,,,,30,1,0.05,0.05,1,71,0.19452054794520549,,2023,0.0,0,0,0,0,0,0,0,0,San Francisco,Outer Richmond,Entire home/apt,Apartment,Unknown,Unknown,171.0,180.94716,-0.05497272727962678,Fairly Priced
38.88886,-77.00077,,,,,3,57,0.87,0.87,2,139,0.38082191780821917,,2023,0.0,0,0,0,0,0,0,0,0,Washington D.C.,"Capitol Hill, Lincoln Park",Entire home/apt,Apartment,Unknown,Unknown,200.0,217.60973,-0.08092343242057458,Fairly Priced
30.25642,-97.7514,,,,,3,0,,0.0,1,0,0.0,,2020,0.0,0,0,0,0,0,0,0,0,Austin,78704,Private room,Apartment,Unknown,Unknown,75.0,157.09576,-0.5225841995106955,Underpriced
37.79105,-122.40378,,,,,1,44,1.56,1.56,4,275,0.7534246575342466,,2023,0.0,0,0,0,0,0,0,0,0,San Francisco,Financial District,Private room,Apartment,Unknown,Unknown,160.0,136.52002,0.1719892844241451,Overpriced
38.8947,-76.99236,,,,,31,2,0.04,0.04,2,0,0.0,,2023,0.0,0,0,0,0,0,0,0,0,Washington D.C.,"Union Station, Stanton Park, Kingman Park",Entire home/apt,Apartment,Unknown,Unknown,75.0,155.96228,-0.5191144944244989,Underpriced
38.91263,-77.02364,,,,,31,0,,0.0,4,0,0.0,,2023,0.0,0,0,0,0,0,0,0,0,Washington D.C.,"Shaw, Logan Circle",Entire home/apt,Apartment,Unknown,Unknown,254.0,284.66806,-0.1077327054890527,Fairly Priced
30.36335,-97.78677,,,,,1,9,1.36,1.36,1,164,0.44931506849315067,,2020,0.0,0,0,0,0,0,0,0,0,Austin,78731,Entire home/apt,Apartment,Unknown,Unknown,165.0,166.23349,-0.007420225553267505,Fairly Priced
40.85516,-73.9378,,,,,1,2,0.04,0.04,1,0,0.0,,2019,0.0,0,0,0,0,0,0,0,0,New York,Washington Heights,Entire home/apt,Apartment,Unknown,Unknown,200.0,108.22093,0.84807131385051,Overpriced
30.28425,-97.74849,,,,,2,162,3.8,3.8,9,173,0.473972602739726,,2020,0.0,0,0,0,0,0,0,0,0,Austin,78705,Entire home/apt,Apartment,Unknown,Unknown,74.0,79.5607,-0.06989254117209331,Fairly Priced
37.74389001875385,-122.47538886104115,,,,,1,2,2.0,2.0,3,341,0.9342465753424658,,2023,0.0,0,0,0,0,0,0,0,0,San Francisco,Parkside,Private room,Apartment,Unknown,Unknown,99.0,84.56485,0.1706991755024592,Overpriced
30.4704,-97.77937,,,,,2,33,1.62,1.62,9,158,0.4328767123287671,,2020,0.0,0,0,0,0,0,0,0,0,Austin,78729,Entire home/apt,Apartment,Unknown,Unknown,109.0,136.08522,-0.19903131486180214,Underpriced
40.73888,-73.99897,,,,,3,11,0.23,0.23,1,2,0.005479452054794521,,2019,0.0,0,0,0,0,0,0,0,0,New York,Chelsea,Entire home/apt,Apartment,Unknown,Unknown,500.0,211.13261,1.3681798382818209,Overpriced
35.57797,-82.62271,,,,,1,60,1.67,1.67,1,151,0.4136986301369863,,2020,0.0,0,0,0,0,0,0,0,0,Asheville,28806,Private room,Apartment,Unknown,Unknown,70.0,57.26266,0.22243707857331624,Overpriced
40.77673,-73.95078,,,,,1,7,0.2,0.2,1,0,0.0,,2019,0.0,0,0,0,0,0,0,0,0,New York,Upper East Side,Private room,Apartment,Unknown,Unknown,100.0,76.38032,0.3092378118731784,Overpriced
47.66871492932789,-122.31631621598132,2.0,1.0,1.0,1.0,1,23,4.45,4.45,21,86,0.2356164383561644,94.0,2023,2.0,0,1,1,0,0,0,0,0,Seattle,University District,Private room,House,t,f,40.0,51.73423,-0.22681752549695033,Underpriced
38.91666030883789,-77.02935028076172,,,,,1,33,0.89,0.89,2,351,0.9616438356164384,,2023,0.0,0,0,0,0,0,0,0,0,Washington D.C.,"Howard University, Le Droit Park, Cardozo/Shaw",Shared room,Apartment,Unknown,Unknown,79.0,69.310936,0.13979127376806094,Fairly Priced
35.58787,-82.6227,,,,,2,94,4.77,4.77,5,303,0.8301369863013699,,2020,0.0,0,0,0,0,0,0,0,0,Asheville,28806,Entire home/apt,Apartment,Unknown,Unknown,113.0,143.18552,-0.2108140343054833,Underpriced
40.84423,-73.83602,,,,,3,113,2.42,2.42,1,290,0.7945205479452054,,2019,0.0,0,0,0,0,0,0,0,0,New York,Pelham Bay,Private room,Apartment,Unknown,Unknown,59.0,57.443665,0.027093247991567825,Fairly Priced
38.93869,-77.02119,,,,,5,0,,0.0,1,352,0.9643835616438357,,2023,0.0,0,0,0,0,0,0,0,0,Washington D.C.,"Brightwood Park, Crestwood, Petworth",Entire home/apt,Apartment,Unknown,Unknown,430.0,171.54912,1.5065707414172984,Overpriced
37.78828,-122.4092,,,,,2,9,0.13,0.13,19,359,0.9835616438356164,,2023,0.0,0,0,0,0,0,0,0,0,San Francisco,Downtown/Civic Center,Entire home/apt,Apartment,Unknown,Unknown,299.0,277.73444,0.07656797719585592,Fairly Priced
30.28888,-97.72505,,,,,4,35,0.58,0.58,1,180,0.4931506849315068,,2020,0.0,0,0,0,0,0,0,0,0,Austin,78705,Entire home/apt,Apartment,Unknown,Unknown,196.0,199.71751,-0.018613860962524355,Fairly Priced
40.72212,-73.94389,,,,,6,39,0.47,0.47,2,258,0.7068493150684931,,2019,0.0,0,0,0,0,0,0,0,0,New York,Greenpoint,Entire home/apt,Apartment,Unknown,Unknown,87.0,174.00874,-0.500025123123033,Underpriced
30.31044,-97.75232,,,,,2,105,6.73,6.73,1,67,0.18356164383561643,,2020,0.0,0,0,0,0,0,0,0,0,Austin,78731,Entire home/apt,Apartment,Unknown,Unknown,98.0,99.51594,-0.015233115806470729,Fairly Priced
38.90937,-77.06632,,,,,2,23,1.31,1.31,36,39,0.10684931506849316,,2023,0.0,0,0,0,0,0,0,0,0,Washington D.C.,"Georgetown, Burleith/Hillandale",Entire home/apt,Apartment,Unknown,Unknown,483.0,314.7049,0.5347711702101869,Overpriced
40.81118,-73.93977,,,,,14,5,0.14,0.14,1,0,0.0,,2019,0.0,0,0,0,0,0,0,0,0,New York,Harlem,Private room,Apartment,Unknown,Unknown,50.0,51.21091,-0.023645562601227164,Fairly Priced
35.61516,-82.55679,,,,,1,124,5.25,5.25,1,288,0.7890410958904109,,2020,0.0,0,0,0,0,0,0,0,0,Asheville,28804,Entire home/apt,Apartment,Unknown,Unknown,83.0,118.03556,-0.29682207995174503,Underpriced
40.78414,-73.9783,,,,,1,2,0.1,0.1,1,0,0.0,,2019,0.0,0,0,0,0,0,0,0,0,New York,Upper West Side,Entire home/apt,Apartment,Unknown,Unknown,75.0,169.44806,-0.5573864911389049,Underpriced
40.77886,-73.98042,,,,,2,129,1.33,1.33,1,14,0.038356164383561646,,2019,0.0,0,0,0,0,0,0,0,0,New York,Upper West Side,Entire home/apt,Apartment,Unknown,Unknown,185.0,174.04755,0.06292794032813215,Fairly Priced
40.72597,-73.86131,,,,,4,2,0.04,0.04,1,0,0.0,,2019,0.0,0,0,0,0,0,0,0,0,New York,Rego Park,Private room,Apartment,Unknown,Unknown,80.0,42.72238,0.8725547832136962,Overpriced
40.70645,-73.9379,,,,,1,25,0.5,0.5,3,358,0.9808219178082191,,2019,0.0,0,0,0,0,0,0,0,0,New York,Williamsburg,Shared room,Apartment,Unknown,Unknown,25.0,60.17074,-0.584515650971338,Underpriced
30.23191,-97.7339,,,,,2,28,0.79,0.79,1,0,0.0,,2020,0.0,0,0,0,0,0,0,0,0,Austin,78741,Entire home/apt,Apartment,Unknown,Unknown,129.0,115.5814,0.11609655377724061,Fairly Priced
47.635308051455425,-122.36653170901198,4.0,1.0,1.0,3.0,3,26,0.8,0.8,1,89,0.24383561643835616,95.0,2023,4.0,1,1,1,1,1,0,0,0,Seattle,Queen Anne,Entire home/apt,House,t,f,130.0,138.26738,-0.059792698574660616,Fairly Priced
38.899914,-77.03313,,,,,31,18,0.24,0.24,78,359,0.9835616438356164,,2023,0.0,0,0,0,0,0,0,0,0,Washington D.C.,"Downtown, Chinatown, Penn Quarters, Mount Vernon Square, North Capitol Street",Entire home/apt,Apartment,Unknown,Unknown,413.0,347.7362,0.1876819060223158,Overpriced
42.36472850605321,-71.03214033099871,2.0,1.0,1.0,1.0,1,11,0.99,0.99,1,363,0.9945205479452055,73.0,2023,3.0,0,1,1,1,0,0,0,0,Boston,East Boston,Private room,Apartment,f,f,100.0,97.93418,0.02109395066182347,Fairly Priced
30.34008,-97.81918,,,,,1,0,,0.0,1,0,0.0,,2020,0.0,0,0,0,0,0,0,0,0,Austin,78730,Entire home/apt,Apartment,Unknown,Unknown,400.0,160.82768,1.4871340169447769,Overpriced
42.3443699748363,-71.06547543523293,2.0,1.0,1.0,1.0,1,10,0.77,0.77,2,0,0.0,94.0,2023,4.0,0,1,1,1,0,0,0,1,Boston,South End,Private room,Apartment,f,f,125.0,106.52521,0.1734311803812391,Overpriced
35.52416,-82.61108,,,,,5,10,0.86,0.86,1,0,0.0,,2020,0.0,0,0,0,0,0,0,0,0,Asheville,28806,Private room,Apartment,Unknown,Unknown,55.0,52.172977,0.05418557059225626,Fairly Priced
37.74916,-122.42971,,,,,30,69,0.44,0.44,1,192,0.5260273972602739,,2023,0.0,0,0,0,0,0,0,0,0,San Francisco,Noe Valley,Entire home/apt,Apartment,Unknown,Unknown,95.0,193.0206,-0.5078245518228829,Underpriced
40.75179,-73.98606,,,,,1,0,,0.0,1,0,0.0,,2019,0.0,0,0,0,0,0,0,0,0,New York,Midtown,Private room,Apartment,Unknown,Unknown,85.0,125.9149,-0.3249409019118975,Underpriced
40.69265,-73.97009,,,,,3,95,1.51,1.51,2,112,0.30684931506849317,,2019,0.0,0,0,0,0,0,0,0,0,New York,Fort Greene,Entire home/apt,Apartment,Unknown,Unknown,225.0,187.31755,0.201168813110218,Overpriced
47.53530376975965,-122.35527373328648,2.0,1.0,1.0,1.0,2,55,3.04,3.04,1,357,0.9780821917808219,96.0,2023,4.0,1,1,1,0,1,0,0,1,Seattle,Riverview,Entire home/apt,Apartment,f,f,65.0,95.78727,-0.32141295730977604,Underpriced
37.7248,-122.47402,,,,,30,2,0.03,0.03,2,223,0.6109589041095891,,2023,0.0,0,0,0,0,0,0,0,0,San Francisco,Lakeshore,Private room,Apartment,Unknown,Unknown,50.0,55.186234,-0.09397694297402179,Fairly Priced
30.26429,-97.74169,,,,,2,3,2.5,2.5,25,362,0.9917808219178083,,2020,0.0,0,0,0,0,0,0,0,0,Austin,78701,Entire home/apt,Apartment,Unknown,Unknown,114.0,171.8038,-0.3364524047337081,Underpriced
40.71839,-73.95996,,,,,1,210,3.8,3.8,3,217,0.5945205479452055,,2019,0.0,0,0,0,0,0,0,0,0,New York,Williamsburg,Private room,Apartment,Unknown,Unknown,58.0,92.79164,-0.37494369936951516,Underpriced
40.72283,-73.98356,,,,,7,6,0.18,0.18,2,0,0.0,,2019,0.0,0,0,0,0,0,0,0,0,New York,East Village,Private room,Apartment,Unknown,Unknown,60.0,94.18441,-0.36295189469952016,Underpriced
40.69417,-73.99443,,,,,2,199,3.42,3.42,1,298,0.8164383561643835,,2019,0.0,0,0,0,0,0,0,0,0,New York,Brooklyn Heights,Private room,Apartment,Unknown,Unknown,129.0,83.91392,0.5372896866148154,Overpriced
38.89379,-76.9917,,,,,2,298,4.71,4.71,2,98,0.2684931506849315,,2023,0.0,0,0,0,0,0,0,0,0,Washington D.C.,"Union Station, Stanton Park, Kingman Park",Entire home/apt,Apartment,Unknown,Unknown,108.0,163.74146,-0.340423596770466,Underpriced
30.2507,-97.77197,,,,,2,94,2.83,2.83,1,264,0.7232876712328767,,2020,0.0,0,0,0,0,0,0,0,0,Austin,78704,Entire home/apt,Apartment,Unknown,Unknown,165.0,140.4504,0.17479200791520982,Overpriced
40.77278,-73.95753,,,,,30,1,0.03,0.03,29,205,0.5616438356164384,,2019,0.0,0,0,0,0,0,0,0,0,New York,Upper East Side,Entire home/apt,Apartment,Unknown,Unknown,142.0,139.88214,0.015140309333724287,Fairly Priced
42.29663316675836,-71.05787553100676,1.0,1.0,1.0,1.0,1,1,1.0,1.0,2,364,0.9972602739726028,100.0,2023,0.0,0,0,0,0,0,0,0,0,Boston,Dorchester,Shared room,Apartment,f,f,60.0,59.73758,0.00439289065896425,Fairly Priced
30.27213,-97.74525,,,,,2,5,0.28,0.28,15,83,0.2273972602739726,,2020,0.0,0,0,0,0,0,0,0,0,Austin,78701,Entire home/apt,Apartment,Unknown,Unknown,189.0,297.8477,-0.36544748072029215,Underpriced
40.62345,-73.93001,,,,,1,68,1.31,1.31,3,365,1.0,,2019,0.0,0,0,0,0,0,0,0,0,New York,Flatlands,Private room,Apartment,Unknown,Unknown,89.0,94.51267,-0.058327336249335546,Fairly Priced
30.27107,-97.74785,,,,,3,0,,0.0,48,100,0.273972602739726,,2020,0.0,0,0,0,0,0,0,0,0,Austin,78701,Entire home/apt,Apartment,Unknown,Unknown,599.0,453.96204,0.3194935970917946,Overpriced
42.37899563988766,-71.03625736579157,3.0,1.0,1.0,2.0,1,25,4.1,4.1,2,329,0.9013698630136986,92.0,2023,3.0,0,1,1,1,0,0,0,0,Boston,East Boston,Private room,Apartment,t,f,95.0,93.45634,0.016517478374031155,Fairly Priced
42.3881729883446,-71.01272170912009,3.0,1.0,1.0,1.0,1,2,2.0,2.0,2,34,0.09315068493150686,90.0,2023,4.0,1,1,1,1,1,0,0,0,Boston,East Boston,Private room,Apartment,f,f,95.0,82.59151,0.15023933451536448,Overpriced
38.96476,-77.01857,,,,,2,9,1.84,1.84,1,219,0.6,,2023,0.0,0,0,0,0,0,0,0,0,Washington D.C.,"Takoma, Brightwood, Manor Park",Entire home/apt,Apartment,Unknown,Unknown,151.0,120.16,0.25665775131476254,Overpriced
38.89584,-76.9922,,,,,2,236,3.15,3.15,9,70,0.1917808219178082,,2023,0.0,0,0,0,0,0,0,0,0,Washington D.C.,"Union Station, Stanton Park, Kingman Park",Entire home/apt,Apartment,Unknown,Unknown,123.0,167.14503,-0.26411215173392555,Underpriced
37.78872,-122.44817,,,,,30,5,0.32,0.32,14,62,0.16986301369863013,,2023,0.0,0,0,0,0,0,0,0,0,San Francisco,Presidio Heights,Entire home/apt,Apartment,Unknown,Unknown,128.0,133.78229,-0.043221622992770166,Fairly Priced
35.62164,-82.64097,,,,,3,3,0.07,0.07,1,328,0.8986301369863013,,2020,0.0,0,0,0,0,0,0,0,0,Asheville,28806,Entire home/apt,Apartment,Unknown,Unknown,90.0,193.3065,-0.5344181470075269,Underpriced
38.94413,-77.08359,,,,,2,143,1.99,1.99,2,116,0.3178082191780822,,2023,0.0,0,0,0,0,0,0,0,0,Washington D.C.,"Friendship Heights, American University Park, Tenleytown",Private room,Apartment,Unknown,Unknown,80.0,77.19881,0.036285447337487925,Fairly Priced
37.74416,-122.40639,,,,,30,16,0.43,0.43,1,3,0.00821917808219178,,2023,0.0,0,0,0,0,0,0,0,0,San Francisco,Bernal Heights,Entire home/apt,Apartment,Unknown,Unknown,229.0,141.34937,0.6200992457255767,Overpriced
37.74748,-122.43773,,,,,366,15,0.17,0.17,1,0,0.0,,2023,0.0,0,0,0,0,0,0,0,0,San Francisco,Noe Valley,Entire home/apt,Apartment,Unknown,Unknown,178.0,144.28001,0.23371210618965504,Overpriced
40.76193,-73.94942,,,,,3,43,0.81,0.81,1,35,0.0958904109589041,,2019,0.0,0,0,0,0,0,0,0,0,New York,Roosevelt Island,Private room,Apartment,Unknown,Unknown,65.0,82.09419,-0.2082265746613694,Underpriced
35.60858,-82.48867,,,,,3,95,1.51,1.51,2,0,0.0,,2020,0.0,0,0,0,0,0,0,0,0,Asheville,28805,Entire home/apt,Apartment,Unknown,Unknown,325.0,130.5606,1.4892656612538493,Overpriced
30.4025,-97.72305,,,,,30,0,,0.0,6,80,0.2191780821917808,,2020,0.0,0,0,0,0,0,0,0,0,Austin,78758,Entire home/apt,Apartment,Unknown,Unknown,75.0,115.16893,-0.3487826971647431,Underpriced
37.78585,-122.4073,,,,,1,4,0.09,0.09,61,284,0.7780821917808219,,2023,0.0,0,0,0,0,0,0,0,0,San Francisco,Downtown/Civic Center,Hotel room,Apartment,Unknown,Unknown,119.0,116.381744,0.02249713328387871,Fairly Priced
30.26532,-97.71774,,,,,2,94,2.09,2.09,3,236,0.6465753424657534,,2020,0.0,0,0,0,0,0,0,0,0,Austin,78702,Entire home/apt,Apartment,Unknown,Unknown,656.0,238.07643,1.755417646713104,Overpriced
30.29295,-97.71026,,,,,2,121,1.81,1.81,1,359,0.9835616438356164,,2020,0.0,0,0,0,0,0,0,0,0,Austin,78722,Entire home/apt,Apartment,Unknown,Unknown,74.0,182.41144,-0.5943236848735658,Underpriced
35.56129,-82.50654,,,,,30,6,0.26,0.26,1,1,0.0027397260273972603,,2020,0.0,0,0,0,0,0,0,0,0,Asheville,28803,Entire home/apt,Apartment,Unknown,Unknown,75.0,76.911545,-0.024853808420833352,Fairly Priced
42.30370464676229,-71.11397057117235,2.0,1.0,1.0,1.0,1,7,0.78,0.78,1,255,0.6986301369863014,97.0,2023,4.0,0,1,1,1,0,0,0,1,Boston,Jamaica Plain,Private room,Condominium,f,f,61.0,74.016136,-0.17585538563696143,Underpriced
30.30949,-97.70602,,,,,2,1,0.02,0.02,1,0,0.0,,2020,0.0,0,0,0,0,0,0,0,0,Austin,78723,Entire home/apt,Apartment,Unknown,Unknown,160.0,177.86063,-0.10041922487408926,Fairly Priced
38.89569,-76.97086,,,,,2,227,3.72,3.72,1,7,0.019178082191780823,,2023,0.0,0,0,0,0,0,0,0,0,Washington D.C.,"Union Station, Stanton Park, Kingman Park",Entire home/apt,Apartment,Unknown,Unknown,70.0,108.34792,-0.3539331638145845,Underpriced
42.35382532939101,-71.07671360394994,2.0,1.0,0.0,1.0,2,8,0.44,0.44,1,0,0.0,90.0,2023,2.0,0,1,1,0,0,0,0,0,Boston,Back Bay,Entire home/apt,Apartment,f,f,150.0,158.72878,-0.05499176203603594,Fairly Priced
40.69278,-73.94678,,,,,1,6,0.13,0.13,10,158,0.4328767123287671,,2019,0.0,0,0,0,0,0,0,0,0,New York,Bedford-Stuyvesant,Private room,Apartment,Unknown,Unknown,65.0,74.88003,-0.13194476638299282,Fairly Priced
35.59789,-82.55547,,,,,1,69,0.79,0.79,11,326,0.8931506849315068,,2020,0.0,0,0,0,0,0,0,0,0,Asheville,28801,Entire home/apt,Apartment,Unknown,Unknown,330.0,232.77176,0.4176977541030998,Overpriced
40.63694,-73.97487,,,,,3,8,0.17,0.17,1,0,0.0,,2019,0.0,0,0,0,0,0,0,0,0,New York,Kensington,Private room,Apartment,Unknown,Unknown,70.0,56.546055,0.2379289801553766,Overpriced
38.91514,-77.04397,,,,,30,0,,0.0,173,46,0.12602739726027398,,2023,0.0,0,0,0,0,0,0,0,0,Washington D.C.,"Dupont Circle, Connecticut Avenue/K Street",Entire home/apt,Apartment,Unknown,Unknown,103.0,168.65324,-0.3892794615402223,Underpriced
30.39141,-97.83946,,,,,30,0,,0.0,35,352,0.9643835616438357,,2020,0.0,0,0,0,0,0,0,0,0,Austin,78730,Entire home/apt,Apartment,Unknown,Unknown,94.0,119.35444,-0.21242979348345453,Underpriced
40.81189,-73.94148,,,,,2,20,0.42,0.42,1,0,0.0,,2019,0.0,0,0,0,0,0,0,0,0,New York,Harlem,Private room,Apartment,Unknown,Unknown,64.0,65.78121,-0.027077820594230508,Fairly Priced
38.93729,-76.99312,,,,,31,1,0.01,0.01,1,0,0.0,,2023,0.0,0,0,0,0,0,0,0,0,Washington D.C.,"North Michigan Park, Michigan Park, University Heights",Entire home/apt,Apartment,Unknown,Unknown,150.0,107.42219,0.3963595702597741,Overpriced
47.60116547612201,-122.32699851913424,3.0,1.0,1.0,1.0,1,1,0.45,0.45,1,72,0.19726027397260273,,2023,3.0,0,1,1,0,0,0,0,1,Seattle,International District,Entire home/apt,Apartment,f,f,130.0,124.76576,0.04195251624473546,Fairly Priced
40.68537,-73.8775,,,,,3,160,3.44,3.44,2,256,0.7013698630136986,,2019,0.0,0,0,0,0,0,0,0,0,New York,Cypress Hills,Entire home/apt,Apartment,Unknown,Unknown,75.0,110.83988,-0.32334825049963845,Underpriced
30.23706,-97.75863,,,,,3,11,0.57,0.57,1,180,0.4931506849315068,,2020,0.0,0,0,0,0,0,0,0,0,Austin,78704,Entire home/apt,Apartment,Unknown,Unknown,600.0,208.6458,1.875686961008895,Overpriced
42.36430462334565,-71.0561667377658,4.0,1.0,1.0,2.0,1,36,8.71,8.71,2,326,0.8931506849315068,83.0,2023,3.0,0,1,1,1,0,0,0,0,Boston,North End,Entire home/apt,Apartment,f,f,165.0,142.24052,0.16000697284612805,Overpriced
30.3895,-97.67437,,,,,1,0,,0.0,1,142,0.38904109589041097,,2020,0.0,0,0,0,0,0,0,0,0,Austin,78753,Private room,Apartment,Unknown,Unknown,35.0,69.53205,-0.4966350128734691,Underpriced
38.91219,-77.01922,,,,,31,1,0.01,0.01,1,0,0.0,,2023,0.0,0,0,0,0,0,0,0,0,Washington D.C.,"Shaw, Logan Circle",Entire home/apt,Apartment,Unknown,Unknown,130.0,190.0474,-0.3159601013123622,Underpriced
37.755772,-122.400017,,,,,2,26,2.67,2.67,1,217,0.5945205479452055,,2023,0.0,0,0,0,0,0,0,0,0,San Francisco,Potrero Hill,Entire home/apt,Apartment,Unknown,Unknown,154.0,256.6282,-0.3999100746052564,Underpriced
30.46616,-97.76787,,,,,1,13,0.53,0.53,2,87,0.23835616438356164,,2020,0.0,0,0,0,0,0,0,0,0,Austin,78729,Private room,Apartment,Unknown,Unknown,56.0,48.496452,0.15472364075539993,Overpriced
30.25186,-97.78763,,,,,4,7,0.37,0.37,1,307,0.8410958904109589,,2020,0.0,0,0,0,0,0,0,0,0,Austin,78704,Entire home/apt,Apartment,Unknown,Unknown,875.0,291.84393,1.9981777955404196,Overpriced
40.64507,-73.95933,,,,,1,33,0.59,0.59,1,0,0.0,,2019,0.0,0,0,0,0,0,0,0,0,New York,Flatbush,Private room,Apartment,Unknown,Unknown,69.0,57.887665,0.19196378441669218,Overpriced
30.22252,-97.82821,,,,,4,57,2.58,2.58,2,305,0.8356164383561644,,2020,0.0,0,0,0,0,0,0,0,0,Austin,78749,Entire home/apt,Apartment,Unknown,Unknown,514.0,166.84552,2.080694045245148,Overpriced
40.71985,-73.94015,,,,,2,19,0.32,0.32,1,0,0.0,,2019,0.0,0,0,0,0,0,0,0,0,New York,Greenpoint,Entire home/apt,Apartment,Unknown,Unknown,160.0,127.27031,0.25716673978127,Overpriced
30.25028,-97.74224,,,,,3,49,1.68,1.68,1,0,0.0,,2020,0.0,0,0,0,0,0,0,0,0,Austin,78704,Entire home/apt,Apartment,Unknown,Unknown,184.0,182.17284,0.010029836134531558,Fairly Priced
30.28888,-97.75083,,,,,1,2,0.1,0.1,1,0,0.0,,2020,0.0,0,0,0,0,0,0,0,0,Austin,78705,Entire home/apt,Apartment,Unknown,Unknown,75.0,106.430244,-0.2953130908367548,Underpriced
37.78807,-122.4095,,,,,2,24,1.01,1.01,43,4,0.010958904109589041,,2023,0.0,0,0,0,0,0,0,0,0,San Francisco,Downtown/Civic Center,Entire home/apt,Apartment,Unknown,Unknown,147.0,152.81145,-0.038030181980380544,Fairly Priced
38.90256,-76.92791,,,,,1,29,1.63,1.63,2,349,0.9561643835616438,,2023,0.0,0,0,0,0,0,0,0,0,Washington D.C.,"Deanwood, Burrville, Grant Park, Lincoln Heights, Fairmont Heights",Entire home/apt,Apartment,Unknown,Unknown,210.0,139.98335,0.5001783855567542,Overpriced
37.78553,-122.40933,,,,,1,96,1.03,1.03,46,69,0.18904109589041096,,2023,0.0,0,0,0,0,0,0,0,0,San Francisco,Downtown/Civic Center,Private room,Apartment,Unknown,Unknown,89.0,89.663765,-0.007402822689373727,Fairly Priced
40.71363,-73.96398,,,,,6,27,0.25,0.25,1,189,0.5178082191780822,,2019,0.0,0,0,0,0,0,0,0,0,New York,Williamsburg,Entire home/apt,Apartment,Unknown,Unknown,125.0,198.84062,-0.37135581866899786,Underpriced
40.70212,-73.9851,,,,,3,8,0.16,0.16,2,0,0.0,,2019,0.0,0,0,0,0,0,0,0,0,New York,DUMBO,Entire home/apt,Apartment,Unknown,Unknown,245.0,176.61746,0.38717880444088804,Overpriced
40.80193,-73.96703,,,,,4,75,0.93,0.93,1,15,0.0410958904109589,,2019,0.0,0,0,0,0,0,0,0,0,New York,Upper West Side,Private room,Apartment,Unknown,Unknown,80.0,94.49623,-0.1534053889087593,Underpriced
37.74038,-122.41327,,,,,30,94,0.61,0.61,1,155,0.4246575342465753,,2023,0.0,0,0,0,0,0,0,0,0,San Francisco,Bernal Heights,Entire home/apt,Apartment,Unknown,Unknown,150.0,169.8709,-0.11697645638836149,Fairly Priced
30.25976,-97.72189,,,,,1,41,2.11,2.11,4,0,0.0,,2020,0.0,0,0,0,0,0,0,0,0,Austin,78702,Private room,Apartment,Unknown,Unknown,78.0,78.22418,-0.002865892909392373,Fairly Priced
37.71027,-122.44955,,,,,30,7,0.09,0.09,4,365,1.0,,2023,0.0,0,0,0,0,0,0,0,0,San Francisco,Outer Mission,Private room,Apartment,Unknown,Unknown,60.0,60.604603,-0.009976186389325249,Fairly Priced
38.90669,-77.01833,,,,,31,27,0.83,0.83,94,0,0.0,,2023,0.0,0,0,0,0,0,0,0,0,Washington D.C.,"Shaw, Logan Circle",Entire home/apt,Apartment,Unknown,Unknown,339.0,230.43526,0.4711290471569458,Overpriced
37.74031,-122.41791,,,,,30,6,0.2,0.2,1,186,0.5095890410958904,,2023,0.0,0,0,0,0,0,0,0,0,San Francisco,Bernal Heights,Entire home/apt,Apartment,Unknown,Unknown,117.0,157.70795,-0.2581223559699012,Underpriced
47.54543701256066,-122.31912746539508,2.0,1.0,1.0,1.0,1,34,2.02,2.02,1,93,0.2547945205479452,97.0,2023,3.0,1,1,1,0,1,0,0,0,Seattle,Georgetown,Private room,House,f,t,50.0,67.54294,-0.25973016116140674,Underpriced
47.56137397094919,-122.3884382372952,2.0,1.0,1.0,1.0,1,4,1.64,1.64,1,363,0.9945205479452055,95.0,2023,3.0,0,1,1,1,0,0,0,0,Seattle,Genesee,Shared room,Apartment,f,f,30.0,54.12685,-0.44574642845539325,Underpriced
47.618252846233766,-122.29846789003402,1.0,1.0,1.0,1.0,1,7,1.4,1.4,1,244,0.6684931506849315,94.0,2023,3.0,1,1,1,0,1,0,0,0,Seattle,Minor,Private room,Townhouse,f,f,60.0,59.128284,0.014742784332384417,Fairly Priced
37.77798,-122.44482,,,,,30,5,0.22,0.22,1,39,0.10684931506849316,,2023,0.0,0,0,0,0,0,0,0,0,San Francisco,Western Addition,Entire home/apt,Apartment,Unknown,Unknown,190.0,147.8254,0.2853001454909921,Overpriced
30.27914,-97.75668,,,,,2,48,0.52,0.52,1,14,0.038356164383561646,,2020,0.0,0,0,0,0,0,0,0,0,Austin,78703,Entire home/apt,Apartment,Unknown,Unknown,229.0,161.22519,0.420373585067803,Overpriced
40.68275,-73.96542,,,,,2,7,0.13,0.13,1,0,0.0,,2019,0.0,0,0,0,0,0,0,0,0,New York,Clinton Hill,Entire home/apt,Apartment,Unknown,Unknown,73.0,163.56299,-0.5536887607208854,Underpriced
47.70348161633171,-122.36984208789748,1.0,1.5,1.0,1.0,2,8,1.55,1.55,1,252,0.6904109589041096,98.0,2023,4.0,1,1,1,0,1,0,0,1,Seattle,Crown Hill,Private room,House,f,t,45.0,53.840782,-0.16420233529199793,Underpriced
30.36518,-97.99141,,,,,2,0,,0.0,4,363,0.9945205479452055,,2020,0.0,0,0,0,0,0,0,0,0,Austin,78734,Entire home/apt,Apartment,Unknown,Unknown,679.0,350.6276,0.9365275626633848,Overpriced
30.23294,-97.7361,,,,,1,0,,0.0,1,0,0.0,,2020,0.0,0,0,0,0,0,0,0,0,Austin,78741,Entire home/apt,Apartment,Unknown,Unknown,250.0,183.92982,0.35921403846433037,Overpriced
38.903381,-77.036858,,,,,2,97,6.57,6.57,20,206,0.5643835616438356,,2023,0.0,0,0,0,0,0,0,0,0,Washington D.C.,"Dupont Circle, Connecticut Avenue/K Street",Entire home/apt,Apartment,Unknown,Unknown,141.0,203.6318,-0.3075737863776482,Underpriced
35.62568,-82.52125,,,,,2,3,0.2,0.2,26,0,0.0,,2020,0.0,0,0,0,0,0,0,0,0,Asheville,28804,Entire home/apt,Apartment,Unknown,Unknown,227.0,226.73064,0.001188032668913069,Fairly Priced
38.89706,-76.99897,,,,,2,172,3.34,3.34,1,69,0.18904109589041096,,2023,0.0,0,0,0,0,0,0,0,0,Washington D.C.,"Union Station, Stanton Park, Kingman Park",Private room,Apartment,Unknown,Unknown,60.0,95.01841,-0.36854342046849375,Underpriced
30.2714,-97.74759,,,,,2,6,0.48,0.48,13,62,0.16986301369863013,,2020,0.0,0,0,0,0,0,0,0,0,Austin,78701,Entire home/apt,Apartment,Unknown,Unknown,192.0,226.30797,-0.1515985867474093,Underpriced
47.6139888733625,-122.32778916790994,2.0,1.0,1.0,1.0,2,48,1.46,1.46,3,365,1.0,97.0,2023,2.0,0,1,1,0,0,0,0,0,Seattle,Capitol Hill,Entire home/apt,Apartment,f,f,149.0,129.8933,0.14709538833038263,Fairly Priced
40.73381,-73.85366,,,,,7,2,0.15,0.15,1,140,0.3835616438356164,,2019,0.0,0,0,0,0,0,0,0,0,New York,Forest Hills,Private room,Apartment,Unknown,Unknown,50.0,57.595715,-0.13187985644279107,Fairly Priced
30.24411,-97.73858,,,,,2,22,0.34,0.34,21,322,0.8821917808219178,,2020,0.0,0,0,0,0,0,0,0,0,Austin,78704,Entire home/apt,Apartment,Unknown,Unknown,161.0,220.41785,-0.2695691277940568,Underpriced
40.68382,-73.9215,,,,,2,0,,0.0,1,0,0.0,,2019,0.0,0,0,0,0,0,0,0,0,New York,Bedford-Stuyvesant,Entire home/apt,Apartment,Unknown,Unknown,120.0,129.35185,-0.07229778501234428,Fairly Priced
37.76338,-122.47896,,,,,30,126,1.82,1.82,5,179,0.4904109589041096,,2023,0.0,0,0,0,0,0,0,0,0,San Francisco,Outer Sunset,Private room,Apartment,Unknown,Unknown,60.0,64.8306,-0.07451106658024101,Fairly Priced
37.7906,-122.41904,,,,,30,4,0.2,0.2,7,364,0.9972602739726028,,2023,0.0,0,0,0,0,0,0,0,0,San Francisco,Nob Hill,Entire home/apt,Apartment,Unknown,Unknown,150.0,160.64153,-0.06624392572695367,Fairly Priced
38.95641,-77.01254,,,,,31,0,,0.0,21,365,1.0,,2023,0.0,0,0,0,0,0,0,0,0,Washington D.C.,"Takoma, Brightwood, Manor Park",Shared room,Apartment,Unknown,Unknown,35.0,43.715263,-0.1993643111238398,Underpriced
30.26108,-97.77264,,,,,1,57,0.79,0.79,8,263,0.7205479452054795,,2020,0.0,0,0,0,0,0,0,0,0,Austin,78704,Entire home/apt,Apartment,Unknown,Unknown,112.0,191.70406,-0.41576614255387245,Underpriced
30.37022,-97.80274,,,,,1,0,,0.0,1,0,0.0,,2020,0.0,0,0,0,0,0,0,0,0,Austin,78730,Entire home/apt,Apartment,Unknown,Unknown,188.0,157.02289,0.19727768464039014,Overpriced
30.24566,-97.74567,,,,,2,130,3.33,3.33,21,346,0.947945205479452,,2020,0.0,0,0,0,0,0,0,0,0,Austin,78704,Entire home/apt,Apartment,Unknown,Unknown,67.0,148.13783,-0.5477185077893169,Underpriced
42.34386190737302,-71.07419704066525,2.0,1.0,0.0,1.0,2,5,3.33,3.33,4,141,0.3863013698630137,100.0,2023,2.0,0,1,0,1,0,0,0,0,Boston,South End,Entire home/apt,Townhouse,f,f,160.0,147.66496,0.08353394739129047,Fairly Priced
47.666640041333274,-122.31648237770112,2.0,1.0,1.0,1.0,1,28,5.42,5.42,21,209,0.5726027397260274,94.0,2023,3.0,0,1,1,1,0,0,0,0,Seattle,University District,Private room,House,t,f,47.0,52.898994,-0.11151430206948015,Fairly Priced
30.25453,-97.74293,,,,,90,73,1.37,1.37,2,291,0.7972602739726027,,2020,0.0,0,0,0,0,0,0,0,0,Austin,78704,Private room,Apartment,Unknown,Unknown,55.0,59.258682,-0.07186596274517024,Fairly Priced
30.31249,-97.71457,,,,,2,1,0.1,0.1,2,171,0.4684931506849315,,2020,0.0,0,0,0,0,0,0,0,0,Austin,78751,Private room,Apartment,Unknown,Unknown,66.0,78.98032,-0.16434882978917628,Underpriced
37.78184,-122.41586,,,,,30,3,0.06,0.06,1,0,0.0,,2023,0.0,0,0,0,0,0,0,0,0,San Francisco,Downtown/Civic Center,Private room,Apartment,Unknown,Unknown,60.0,59.125103,0.01479738653851973,Fairly Priced
40.71972,-73.99986,,,,,2,125,2.14,2.14,2,340,0.9315068493150684,,2019,0.0,0,0,0,0,0,0,0,0,New York,SoHo,Private room,Apartment,Unknown,Unknown,135.0,140.66626,-0.04028158404912448,Fairly Priced
37.78543,-122.44533,,,,,1,2,0.08,0.08,5,341,0.9342465753424658,,2023,0.0,0,0,0,0,0,0,0,0,San Francisco,Western Addition,Hotel room,Apartment,Unknown,Unknown,392.0,231.35126,0.6943932120094163,Overpriced
30.3199,-97.72957,,,,,29,4,0.17,0.17,81,364,0.9972602739726028,,2020,0.0,0,0,0,0,0,0,0,0,Austin,78751,Shared room,Apartment,Unknown,Unknown,16.0,17.387554,-0.07980157273636954,Fairly Priced
37.77527,-122.39084,,,,,30,0,,0.0,24,317,0.8684931506849315,,2023,0.0,0,0,0,0,0,0,0,0,San Francisco,South of Market,Entire home/apt,Apartment,Unknown,Unknown,218.0,191.9478,0.1357254438991212,Fairly Priced
47.623282637008955,-122.32377651664234,2.0,1.0,1.0,1.0,2,67,2.26,2.26,18,333,0.9123287671232877,91.0,2023,3.0,0,1,1,1,0,0,0,0,Seattle,Capitol Hill,Private room,House,f,f,68.0,77.74102,-0.12530090520096282,Fairly Priced
40.68337,-73.8431,,,,,1,0,,0.0,1,0,0.0,,2019,0.0,0,0,0,0,0,0,0,0,New York,Ozone Park,Private room,Apartment,Unknown,Unknown,45.0,54.052666,-0.16747861722385318,Underpriced
47.56168142907604,-122.272122827975,2.0,1.0,1.0,1.0,2,148,2.52,2.52,1,363,0.9945205479452055,96.0,2023,4.0,1,1,0,1,1,0,0,1,Seattle,Columbia City,Private room,House,f,f,65.0,66.86434,-0.02788245105597953,Fairly Priced
30.26178,-97.77255,,,,,1,123,7.35,7.35,3,338,0.9260273972602739,,2020,0.0,0,0,0,0,0,0,0,0,Austin,78704,Entire home/apt,Apartment,Unknown,Unknown,67.0,108.59003,-0.38300042885912794,Underpriced
30.23452,-97.75061,,,,,2,0,,0.0,1,89,0.24383561643835616,,2020,0.0,0,0,0,0,0,0,0,0,Austin,78704,Entire home/apt,Apartment,Unknown,Unknown,600.0,315.8455,0.8996630312692488,Overpriced
40.76985,-73.95815,,,,,2,17,0.21,0.21,1,0,0.0,,2019,0.0,0,0,0,0,0,0,0,0,New York,Upper East Side,Entire home/apt,Apartment,Unknown,Unknown,200.0,156.38843,0.278867003763853,Overpriced
40.74265,-73.89781,,,,,2,61,0.93,0.93,1,353,0.9671232876712329,,2019,0.0,0,0,0,0,0,0,0,0,New York,Woodside,Private room,Apartment,Unknown,Unknown,79.0,72.45338,0.09035635772726876,Fairly Priced
40.71896,-73.95423,,,,,3,5,0.16,0.16,2,0,0.0,,2019,0.0,0,0,0,0,0,0,0,0,New York,Williamsburg,Private room,Apartment,Unknown,Unknown,118.0,79.88742,0.4770786067888046,Overpriced
30.2423,-97.78222,,,,,1,2,0.03,0.03,1,0,0.0,,2020,0.0,0,0,0,0,0,0,0,0,Austin,78704,Private room,Apartment,Unknown,Unknown,100.0,88.11263,0.13491104370998985,Fairly Priced
30.25392,-97.72655,,,,,2,53,2.06,2.06,1,343,0.9397260273972603,,2020,0.0,0,0,0,0,0,0,0,0,Austin,78702,Entire home/apt,Apartment,Unknown,Unknown,726.0,256.94632,1.8254928935603603,Overpriced
37.7587,-122.5088,,,,,4,143,1.09,1.09,1,56,0.15342465753424658,,2023,0.0,0,0,0,0,0,0,0,0,San Francisco,Outer Sunset,Entire home/apt,Apartment,Unknown,Unknown,277.0,240.92781,0.14972198199493394,Fairly Priced
30.26337,-97.7172,,,,,5,110,1.53,1.53,2,25,0.0684931506849315,,2020,0.0,0,0,0,0,0,0,0,0,Austin,78702,Entire home/apt,Apartment,Unknown,Unknown,165.0,179.79785,-0.0823027162666406,Fairly Priced
38.91216,-77.02359,,,,,2,289,3.31,3.31,1,171,0.4684931506849315,,2023,0.0,0,0,0,0,0,0,0,0,Washington D.C.,"Shaw, Logan Circle",Entire home/apt,Apartment,Unknown,Unknown,278.0,184.75351,0.5047075463953354,Overpriced
30.31219,-97.75153,,,,,4,2,0.04,0.04,2,0,0.0,,2020,0.0,0,0,0,0,0,0,0,0,Austin,78731,Entire home/apt,Apartment,Unknown,Unknown,315.0,216.39423,0.45567654791288886,Overpriced
42.35452544933531,-71.13657899368661,1.0,1.5,1.0,1.0,1,1,1.0,1.0,5,365,1.0,100.0,2023,2.0,0,1,0,1,0,0,0,0,Boston,Allston-Brighton,Private room,House,f,f,45.0,55.648594,-0.19135423118197936,Underpriced
30.25565,-97.74607,,,,,1,18,0.38,0.38,1,0,0.0,,2020,0.0,0,0,0,0,0,0,0,0,Austin,78704,Entire home/apt,Apartment,Unknown,Unknown,150.0,173.12856,-0.13359179979328675,Fairly Priced
30.25042,-97.75066,,,,,2,3,0.15,0.15,39,99,0.27123287671232876,,2020,0.0,0,0,0,0,0,0,0,0,Austin,78704,Entire home/apt,Apartment,Unknown,Unknown,213.0,248.53352,-0.14297275896888567,Fairly Priced
37.79181,-122.40882,,,,,2,2,0.05,0.05,41,0,0.0,,2023,0.0,0,0,0,0,0,0,0,0,San Francisco,Chinatown,Entire home/apt,Apartment,Unknown,Unknown,95.0,162.934,-0.41694184973782183,Underpriced
30.26241,-97.6269,,,,,2,22,1.09,1.09,1,0,0.0,,2020,0.0,0,0,0,0,0,0,0,0,Austin,78725,Entire home/apt,Apartment,Unknown,Unknown,49.0,131.83398,-0.6283204195617713,Underpriced
38.95541,-77.01277,,,,,90,27,0.54,0.54,1,0,0.0,,2023,0.0,0,0,0,0,0,0,0,0,Washington D.C.,"Brightwood Park, Crestwood, Petworth",Entire home/apt,Apartment,Unknown,Unknown,110.0,104.22503,0.05540867739898366,Fairly Priced
42.31961968865941,-71.10482911031056,3.0,1.0,1.0,2.0,2,127,5.08,5.08,2,334,0.915068493150685,97.0,2023,4.0,1,1,1,1,1,0,0,0,Boston,Jamaica Plain,Entire home/apt,Apartment,t,t,114.0,147.55072,-0.22738432022555805,Underpriced
40.66516,-73.9794,,,,,2,166,2.49,2.49,1,78,0.2136986301369863,,2019,0.0,0,0,0,0,0,0,0,0,New York,South Slope,Private room,Apartment,Unknown,Unknown,72.0,68.96532,0.04400303470730761,Fairly Priced
47.663122285899576,-122.30983960674465,2.0,1.0,1.0,1.0,1,9,4.74,4.74,21,324,0.8876712328767123,96.0,2023,3.0,1,1,1,0,1,0,0,0,Seattle,University District,Private room,House,t,f,43.0,53.707916,-0.19937314655767568,Underpriced
40.82878,-73.94625,,,,,1,1,0.02,0.02,1,0,0.0,,2019,0.0,0,0,0,0,0,0,0,0,New York,Harlem,Private room,Apartment,Unknown,Unknown,50.0,65.79334,-0.24004469097535677,Underpriced
42.341130819581544,-71.15979540402338,1.0,2.0,1.0,1.0,10,0,,0.0,1,16,0.043835616438356165,,2023,3.0,0,1,1,1,0,0,0,0,Boston,Allston-Brighton,Private room,House,f,f,125.0,45.27457,1.7609317706589829,Overpriced
37.7855,-122.4651,,,,,1,83,1.14,1.14,2,354,0.9698630136986301,,2023,0.0,0,0,0,0,0,0,0,0,San Francisco,Inner Richmond,Entire home/apt,Apartment,Unknown,Unknown,357.0,252.3181,0.4148806606998982,Overpriced
47.60689720228564,-122.34068376679512,3.0,1.0,1.0,1.0,2,18,2.83,2.83,3,112,0.30684931506849317,96.0,2023,3.0,0,1,1,1,0,0,0,0,Seattle,Pike Place Market,Entire home/apt,Apartment,f,t,156.0,150.05219,0.03963830942604196,Fairly Priced
47.650204029734105,-122.41388180739214,2.0,1.0,1.0,1.0,1,17,0.89,0.89,2,365,1.0,79.0,2023,4.0,1,1,1,1,1,0,0,0,Seattle,Magnolia,Private room,House,f,f,99.0,86.0263,0.15081087643902044,Overpriced
47.67120131901316,-122.34993933187468,6.0,1.5,3.0,3.0,2,4,0.66,0.66,2,92,0.25205479452054796,95.0,2023,4.0,1,1,1,0,1,0,0,1,Seattle,Phinney Ridge,Entire home/apt,House,f,t,165.0,169.24507,-0.025082393098589072,Fairly Priced
38.95768,-77.00017,,,,,31,42,0.78,0.78,2,0,0.0,,2023,0.0,0,0,0,0,0,0,0,0,Washington D.C.,"Lamont Riggs, Queens Chapel, Fort Totten, Pleasant Hill",Private room,Apartment,Unknown,Unknown,38.0,58.46218,-0.3500071449498255,Underpriced
30.34047,-97.72852,,,,,2,7,0.1,0.1,20,0,0.0,,2020,0.0,0,0,0,0,0,0,0,0,Austin,78757,Entire home/apt,Apartment,Unknown,Unknown,133.0,167.59929,-0.2064405473267098,Underpriced
35.62662,-82.53428,,,,,6,9,0.19,0.19,1,238,0.6520547945205479,,2020,0.0,0,0,0,0,0,0,0,0,Asheville,28804,Entire home/apt,Apartment,Unknown,Unknown,271.0,237.60425,0.1405519986601276,Fairly Priced
38.89817,-77.05123,,,,,32,0,,0.0,221,169,0.46301369863013697,,2023,0.0,0,0,0,0,0,0,0,0,Washington D.C.,"West End, Foggy Bottom, GWU",Entire home/apt,Apartment,Unknown,Unknown,192.0,180.15314,0.06575995831454427,Fairly Priced
30.27064,-97.72625,,,,,1,6,0.17,0.17,1,0,0.0,,2020,0.0,0,0,0,0,0,0,0,0,Austin,78702,Private room,Apartment,Unknown,Unknown,100.0,80.08263,0.2487102954388044,Overpriced
47.62229768708468,-122.30679299921148,1.0,1.0,1.0,1.0,1,0,,0.0,1,365,1.0,,2023,4.0,1,1,1,0,0,1,0,0,Seattle,Stevens,Private room,Apartment,f,f,50.0,84.04277,-0.4050648286520256,Underpriced
42.34193791016164,-71.07873717795975,4.0,1.5,1.0,2.0,3,2,2.0,2.0,1,0,0.0,100.0,2023,3.0,0,1,1,1,0,0,0,0,Boston,South End,Entire home/apt,Apartment,f,f,250.0,215.27086,0.16132764757221635,Overpriced
30.24604,-97.75066,,,,,90,0,,0.0,1,79,0.21643835616438356,,2020,0.0,0,0,0,0,0,0,0,0,Austin,78704,Entire home/apt,Apartment,Unknown,Unknown,217.0,123.82335,0.7524966151715976,Overpriced
40.763,-73.98911,,,,,2,100,1.31,1.31,1,63,0.1726027397260274,,2019,0.0,0,0,0,0,0,0,0,0,New York,Hell's Kitchen,Private room,Apartment,Unknown,Unknown,85.0,109.74039,-0.2254446849295031,Underpriced
30.44925,-97.76088,,,,,2,35,0.49,0.49,1,336,0.9205479452054794,,2020,0.0,0,0,0,0,0,0,0,0,Austin,78729,Entire home/apt,Apartment,Unknown,Unknown,206.0,172.83015,0.191921633655722,Overpriced
42.30841063964904,-71.1013204329874,1.0,1.0,1.0,1.0,2,12,0.42,0.42,1,0,0.0,98.0,2023,3.0,1,1,1,0,1,0,0,0,Boston,Jamaica Plain,Private room,Apartment,f,f,50.0,66.85845,-0.25215139415407783,Underpriced
40.80759,-73.93839,,,,,1,167,2.78,2.78,10,363,0.9945205479452055,,2019,0.0,0,0,0,0,0,0,0,0,New York,East Harlem,Private room,Apartment,Unknown,Unknown,55.0,78.95767,-0.3034242458793677,Underpriced
42.33418300789131,-71.08132919011918,2.0,1.0,1.0,1.0,1,32,10.21,10.21,1,28,0.07671232876712329,98.0,2023,3.0,0,1,1,1,0,0,0,0,Boston,Roxbury,Entire home/apt,Apartment,t,f,135.0,140.13927,-0.036672569216130324,Fairly Priced
40.7492,-73.99847,,,,,2,194,3.37,3.37,2,178,0.4876712328767123,,2019,0.0,0,0,0,0,0,0,0,0,New York,Chelsea,Entire home/apt,Apartment,Unknown,Unknown,199.0,209.41043,-0.04971304850027565,Fairly Priced
37.777439,-122.423988,,,,,30,168,1.47,1.47,1,230,0.6301369863013698,,2023,0.0,0,0,0,0,0,0,0,0,San Francisco,Western Addition,Entire home/apt,Apartment,Unknown,Unknown,250.0,150.5656,0.6604058569438337,Overpriced
40.75835,-73.99193,,,,,10,116,1.17,1.17,1,174,0.4767123287671233,,2019,0.0,0,0,0,0,0,0,0,0,New York,Hell's Kitchen,Private room,Apartment,Unknown,Unknown,85.0,89.61977,-0.05154851914274735,Fairly Priced
40.74405,-73.99915,,,,,3,164,3.21,3.21,1,71,0.19452054794520549,,2019,0.0,0,0,0,0,0,0,0,0,New York,Chelsea,Entire home/apt,Apartment,Unknown,Unknown,250.0,204.09698,0.2249078552898166,Overpriced
42.348116363319,-71.06165024013819,2.0,1.0,1.0,1.0,1,2,1.76,1.76,2,41,0.11232876712328767,60.0,2023,1.0,0,0,0,1,0,0,0,0,Boston,Chinatown,Private room,Apartment,f,f,93.0,106.47543,-0.12655908434167282,Fairly Priced
30.28102,-97.68361,,,,,2,2,0.06,0.06,1,89,0.24383561643835616,,2020,0.0,0,0,0,0,0,0,0,0,Austin,78721,Private room,Apartment,Unknown,Unknown,190.0,104.1678,0.8239801392787569,Overpriced
38.92212,-77.0034,,,,,1,97,4.33,4.33,2,33,0.09041095890410959,,2023,0.0,0,0,0,0,0,0,0,0,Washington D.C.,"Edgewood, Bloomingdale, Truxton Circle, Eckington",Entire home/apt,Apartment,Unknown,Unknown,76.0,122.99118,-0.3820695131104729,Underpriced
37.76378,-122.42925,,,,,32,10,0.2,0.2,1,218,0.5972602739726027,,2023,0.0,0,0,0,0,0,0,0,0,San Francisco,Castro/Upper Market,Entire home/apt,Apartment,Unknown,Unknown,150.0,179.58229,-0.16472832895959377,Underpriced
30.21128,-97.81629,,,,,1,1,0.07,0.07,4,82,0.22465753424657534,,2020,0.0,0,0,0,0,0,0,0,0,Austin,78745,Private room,Apartment,Unknown,Unknown,40.0,86.308235,-0.5365448045377395,Underpriced
30.32117,-97.73972,,,,,2,7,0.24,0.24,76,259,0.7095890410958904,,2020,0.0,0,0,0,0,0,0,0,0,Austin,78756,Entire home/apt,Apartment,Unknown,Unknown,185.0,237.8417,-0.22217173918538513,Underpriced
42.34482860169046,-71.13673350316112,2.0,1.0,1.0,1.0,1,30,2.66,2.66,1,324,0.8876712328767123,87.0,2023,3.0,0,1,1,0,0,0,0,1,Brighton,Allston-Brighton,Private room,Apartment,t,f,75.0,61.47617,0.21998492269203107,Overpriced
37.75698,-122.4195,,,,,2,294,2.84,2.84,1,247,0.6767123287671233,,2023,0.0,0,0,0,0,0,0,0,0,San Francisco,Mission,Private room,Apartment,Unknown,Unknown,120.0,132.89285,-0.09701690130947889,Fairly Priced
40.70028,-73.95439,,,,,1,0,,0.0,1,0,0.0,,2019,0.0,0,0,0,0,0,0,0,0,New York,Williamsburg,Private room,Apartment,Unknown,Unknown,99.0,77.96756,0.26975886170607094,Overpriced
40.78278,-73.9482,,,,,30,4,0.07,0.07,9,311,0.852054794520548,,2019,0.0,0,0,0,0,0,0,0,0,New York,Upper East Side,Entire home/apt,Apartment,Unknown,Unknown,250.0,136.41586,0.8326314435440121,Overpriced
42.28365769714569,-71.07276273437229,1.0,1.0,1.0,1.0,10,2,1.76,1.76,20,256,0.7013698630136986,100.0,2023,2.0,0,1,1,0,0,0,0,0,Boston,Dorchester,Private room,Apartment,f,f,31.0,39.699123,-0.21912633432072434,Underpriced
37.77655,-122.40699,,,,,1,0,,0.0,5,0,0.0,,2023,0.0,0,0,0,0,0,0,0,0,San Francisco,South of Market,Private room,Apartment,Unknown,Unknown,40.0,155.93526,-0.7434832841506029,Underpriced
30.22433,-97.74336,,,,,14,13,1.03,1.03,1,43,0.1178082191780822,,2020,0.0,0,0,0,0,0,0,0,0,Austin,78741,Entire home/apt,Apartment,Unknown,Unknown,91.0,106.43321,-0.14500372533747027,Fairly Priced
37.78394,-122.40849,,,,,1,40,0.96,0.96,8,3,0.00821917808219178,,2023,0.0,0,0,0,0,0,0,0,0,San Francisco,Downtown/Civic Center,Hotel room,Apartment,Unknown,Unknown,129.0,99.61385,0.2950006000802507,Overpriced
40.68785,-73.99181,,,,,3,13,0.22,0.22,1,0,0.0,,2019,0.0,0,0,0,0,0,0,0,0,New York,Cobble Hill,Entire home/apt,Apartment,Unknown,Unknown,145.0,182.03331,-0.2034424905498739,Underpriced
38.99066,-77.04364,,,,,2,47,0.63,0.63,1,330,0.9041095890410958,,2023,0.0,0,0,0,0,0,0,0,0,Washington D.C.,"Colonial Village, Shepherd Park, North Portal Estates",Private room,Apartment,Unknown,Unknown,80.0,94.74655,-0.15564209227756384,Underpriced
42.34299781780269,-71.05229787297336,4.0,1.0,1.0,1.0,3,15,0.96,0.96,12,305,0.8356164383561644,88.0,2023,3.0,0,1,1,1,0,0,0,0,Boston,South Boston,Entire home/apt,Apartment,f,t,249.0,224.9998,0.1066676423258023,Fairly Priced
30.25515,-97.76149,,,,,2,8,0.55,0.55,1,0,0.0,,2020,0.0,0,0,0,0,0,0,0,0,Austin,78704,Entire home/apt,Apartment,Unknown,Unknown,95.0,171.40076,-0.44574340420834474,Underpriced
38.9322,-77.0797,,,,,31,7,0.1,0.1,3,309,0.8465753424657534,,2023,0.0,0,0,0,0,0,0,0,0,Washington D.C.,"Cathedral Heights, McLean Gardens, Glover Park",Shared room,Apartment,Unknown,Unknown,35.0,50.668365,-0.3092336871446804,Underpriced
42.36390464107974,-71.05755214010996,4.0,2.0,2.0,2.0,1,0,,0.0,5,157,0.4301369863013699,,2023,4.5,1,1,1,1,0,0,1,0,Boston,North End,Entire home/apt,Apartment,f,t,345.0,303.5869,0.13641261865777987,Fairly Priced
40.68732,-73.99245,,,,,3,23,0.51,0.51,1,2,0.005479452054794521,,2019,0.0,0,0,0,0,0,0,0,0,New York,Cobble Hill,Entire home/apt,Apartment,Unknown,Unknown,147.0,183.93106,-0.20078751588877683,Underpriced
40.65901,-73.96045,,,,,3,0,,0.0,1,0,0.0,,2019,0.0,0,0,0,0,0,0,0,0,New York,Prospect-Lefferts Gardens,Private room,Apartment,Unknown,Unknown,55.0,60.635983,-0.09294782206554757,Fairly Priced
30.28028,-97.68364,,,,,3,0,,0.0,1,0,0.0,,2020,0.0,0,0,0,0,0,0,0,0,Austin,78721,Entire home/apt,Apartment,Unknown,Unknown,300.0,254.7317,0.177709701818553,Overpriced
35.51171,-82.61203,,,,,4,14,0.51,0.51,2,171,0.4684931506849315,,2020,0.0,0,0,0,0,0,0,0,0,Asheville,28806,Entire home/apt,Apartment,Unknown,Unknown,129.0,184.73119,-0.30168802109735204,Underpriced
38.93691,-77.03247,,,,,2,235,3.68,3.68,1,106,0.29041095890410956,,2023,0.0,0,0,0,0,0,0,0,0,Washington D.C.,"Columbia Heights, Mt. Pleasant, Pleasant Plains, Park View",Entire home/apt,Apartment,Unknown,Unknown,111.0,116.15081,-0.04434588300314783,Fairly Priced
40.70269,-73.92626,,,,,1,0,,0.0,1,0,0.0,,2019,0.0,0,0,0,0,0,0,0,0,New York,Bushwick,Private room,Apartment,Unknown,Unknown,60.0,65.670265,-0.08634448453465121,Fairly Priced
30.44738,-97.67206,,,,,2,1,0.16,0.16,3,46,0.12602739726027398,,2020,0.0,0,0,0,0,0,0,0,0,Austin,78728,Private room,Apartment,Unknown,Unknown,40.0,55.652428,-0.28125327730919636,Underpriced
30.21683,-97.77949,,,,,1,0,,0.0,1,0,0.0,,2020,0.0,0,0,0,0,0,0,0,0,Austin,78745,Entire home/apt,Apartment,Unknown,Unknown,420.0,166.45619,1.5231864006483529,Overpriced
38.90827,-77.0556,,,,,1,0,,0.0,10,340,0.9315068493150684,,2023,0.0,0,0,0,0,0,0,0,0,Washington D.C.,"Georgetown, Burleith/Hillandale",Private room,Apartment,Unknown,Unknown,576.0,443.71603,0.29812753190629204,Overpriced
38.93152,-77.02079,,,,,31,79,1.36,1.36,3,286,0.7835616438356164,,2023,0.0,0,0,0,0,0,0,0,0,Washington D.C.,"Columbia Heights, Mt. Pleasant, Pleasant Plains, Park View",Entire home/apt,Apartment,Unknown,Unknown,269.0,146.0456,0.8418905630239915,Overpriced
47.6162397544285,-122.35068406432708,1.0,1.0,1.0,1.0,1,2,2.0,2.0,1,276,0.7561643835616438,90.0,2023,3.0,0,1,1,1,0,0,0,0,Seattle,Belltown,Private room,Apartment,t,f,40.0,61.21957,-0.3466141644654529,Underpriced
30.26456,-97.72856,,,,,2,3,0.06,0.06,1,0,0.0,,2020,0.0,0,0,0,0,0,0,0,0,Austin,78702,Entire home/apt,Apartment,Unknown,Unknown,94.0,227.25552,-0.5863686898467497,Underpriced
38.89315,-76.93006,,,,,31,2,0.06,0.06,3,364,0.9972602739726028,,2023,0.0,0,0,0,0,0,0,0,0,Washington D.C.,"Deanwood, Burrville, Grant Park, Lincoln Heights, Fairmont Heights",Private room,Apartment,Unknown,Unknown,420.0,66.527306,5.313197208168427,Overpriced
47.61904215076249,-122.35201584012523,2.0,1.0,0.0,1.0,1,52,4.83,4.83,2,362,0.9917808219178083,81.0,2023,3.0,0,1,1,1,0,0,0,0,Seattle,Belltown,Entire home/apt,Apartment,f,f,103.0,93.25823,0.10446013893025942,Fairly Priced
40.85914,-73.86979,,,,,1,187,2.34,2.34,4,241,0.6602739726027397,,2019,0.0,0,0,0,0,0,0,0,0,New York,Allerton,Private room,Apartment,Unknown,Unknown,38.0,44.610947,-0.14819113134627823,Fairly Priced
38.87805,-77.01549,,,,,31,0,,0.0,1,0,0.0,,2023,0.0,0,0,0,0,0,0,0,0,Washington D.C.,"Southwest Employment Area, Southwest/Waterfront, Fort McNair, Buzzard Point",Entire home/apt,Apartment,Unknown,Unknown,350.0,218.65108,0.6007238764572456,Overpriced
40.72463,-73.98938,,,,,1,320,5.68,5.68,2,253,0.6931506849315069,,2019,0.0,0,0,0,0,0,0,0,0,New York,East Village,Entire home/apt,Apartment,Unknown,Unknown,260.0,173.72832,0.49658964122570726,Overpriced
37.74109,-122.38803,,,,,30,3,0.32,0.32,5,59,0.16164383561643836,,2023,0.0,0,0,0,0,0,0,0,0,San Francisco,Bayview,Private room,Apartment,Unknown,Unknown,93.0,60.777454,0.5301726759452174,Overpriced
42.3593549958303,-71.06436761787045,5.0,1.0,2.0,2.0,1,0,,0.0,1,0,0.0,,2023,3.0,0,1,1,1,0,0,0,0,Boston,Beacon Hill,Entire home/apt,Apartment,f,f,220.0,220.09921,-0.00045076329574938946,Fairly Priced
40.73634,-74.00485,,,,,1,7,0.15,0.15,1,0,0.0,,2019,0.0,0,0,0,0,0,0,0,0,New York,West Village,Entire home/apt,Apartment,Unknown,Unknown,350.0,231.61798,0.5111089327081668,Overpriced
42.366928373912366,-71.04017264115883,2.0,2.0,1.0,1.0,2,26,5.2,5.2,7,72,0.19726027397260273,85.0,2023,4.0,1,1,1,1,1,0,0,0,Boston,East Boston,Entire home/apt,Apartment,f,f,60.0,86.97043,-0.3101103322388886,Underpriced
42.328163175898936,-71.05719194700787,6.0,1.0,2.0,3.0,2,0,,0.0,1,56,0.15342465753424658,,2023,3.0,0,1,1,1,0,0,0,0,Boston,South Boston,Entire home/apt,Apartment,f,f,300.0,200.95413,0.49287798610905464,Overpriced
37.80211,-122.44024,,,,,30,4,0.63,0.63,1,198,0.5424657534246575,,2023,0.0,0,0,0,0,0,0,0,0,San Francisco,Marina,Entire home/apt,Apartment,Unknown,Unknown,245.0,219.52527,0.11604464312028075,Fairly Priced
30.23286,-97.76019,,,,,1,273,6.97,6.97,6,320,0.8767123287671232,,2020,0.0,0,0,0,0,0,0,0,0,Austin,78704,Entire home/apt,Apartment,Unknown,Unknown,66.0,117.9251,-0.44032272391760224,Underpriced
30.25671,-97.72161,,,,,2,50,1.63,1.63,1,56,0.15342465753424658,,2020,0.0,0,0,0,0,0,0,0,0,Austin,78702,Entire home/apt,Apartment,Unknown,Unknown,175.0,193.91043,-0.09752147328864062,Fairly Priced
42.337502824454255,-71.04778102479536,2.0,1.0,1.0,1.0,1,58,3.15,3.15,1,0,0.0,96.0,2023,1.0,0,1,0,0,0,0,0,0,Boston,South Boston,Private room,House,f,t,105.0,89.8879,0.16812161007494025,Overpriced
30.25817,-97.75439,,,,,1,1,0.03,0.03,1,0,0.0,,2020,0.0,0,0,0,0,0,0,0,0,Austin,78704,Entire home/apt,Apartment,Unknown,Unknown,225.0,227.05447,-0.00904837434767526,Fairly Priced
42.3453930785548,-71.06303905951947,1.0,1.0,0.0,1.0,4,2,0.38,0.38,1,0,0.0,100.0,2023,6.5,1,1,1,1,0,1,1,0,Boston,South End,Entire home/apt,Apartment,f,f,170.0,150.30954,0.13099940450847788,Fairly Priced
30.22289,-97.81355,,,,,2,121,2.2,2.2,1,334,0.915068493150685,,2020,0.0,0,0,0,0,0,0,0,0,Austin,78745,Entire home/apt,Apartment,Unknown,Unknown,99.0,195.61156,-0.49389493384309446,Underpriced
35.59364,-82.63677,,,,,2,65,2.38,2.38,1,0,0.0,,2020,0.0,0,0,0,0,0,0,0,0,Asheville,28806,Entire home/apt,Apartment,Unknown,Unknown,125.0,106.11219,0.1779984911208292,Overpriced
40.75651,-73.96696,,,,,2,0,,0.0,1,0,0.0,,2019,0.0,0,0,0,0,0,0,0,0,New York,Midtown,Entire home/apt,Apartment,Unknown,Unknown,450.0,227.35034,0.9793240531041304,Overpriced
30.27126,-97.72487,,,,,3,0,,0.0,1,364,0.9972602739726028,,2020,0.0,0,0,0,0,0,0,0,0,Austin,78702,Entire home/apt,Apartment,Unknown,Unknown,500.0,415.2054,0.20422321906124244,Overpriced
37.76358,-122.49363,,,,,30,29,0.42,0.42,2,265,0.726027397260274,,2023,0.0,0,0,0,0,0,0,0,0,San Francisco,Outer Sunset,Entire home/apt,Apartment,Unknown,Unknown,80.0,148.11678,-0.4598856225225948,Underpriced
42.35081828863069,-71.08802691716497,2.0,1.0,1.0,1.0,3,41,1.56,1.56,2,6,0.01643835616438356,91.0,2023,3.0,0,1,1,1,0,0,0,0,Boston,Back Bay,Entire home/apt,Apartment,f,f,175.0,173.00172,0.011550611796372873,Fairly Priced
40.76753,-73.98397,,,,,1,0,,0.0,1,0,0.0,,2019,0.0,0,0,0,0,0,0,0,0,New York,Hell's Kitchen,Entire home/apt,Apartment,Unknown,Unknown,150.0,223.03511,-0.3274601488462374,Underpriced
37.73352,-122.49277,,,,,2,28,2.06,2.06,1,164,0.44931506849315067,,2023,0.0,0,0,0,0,0,0,0,0,San Francisco,Lakeshore,Entire home/apt,Apartment,Unknown,Unknown,257.0,198.44965,0.29503884327946217,Overpriced
30.26241,-97.77556,,,,,1,0,,0.0,1,0,0.0,,2020,0.0,0,0,0,0,0,0,0,0,Austin,78704,Entire home/apt,Apartment,Unknown,Unknown,300.0,324.16406,-0.07454269394837683,Fairly Priced
38.92742,-77.02941,,,,,1,61,0.82,0.82,19,180,0.4931506849315068,,2023,0.0,0,0,0,0,0,0,0,0,Washington D.C.,"Columbia Heights, Mt. Pleasant, Pleasant Plains, Park View",Shared room,Apartment,Unknown,Unknown,44.0,47.11247,-0.06606464921239252,Fairly Priced
40.66719,-73.98361,,,,,4,11,0.17,0.17,1,0,0.0,,2019,0.0,0,0,0,0,0,0,0,0,New York,South Slope,Entire home/apt,Apartment,Unknown,Unknown,250.0,169.44302,0.47542220722946077,Overpriced
40.72106,-73.99417,,,,,1,24,0.38,0.38,4,14,0.038356164383561646,,2019,0.0,0,0,0,0,0,0,0,0,New York,Nolita,Entire home/apt,Apartment,Unknown,Unknown,430.0,188.90344,1.2762952044495077,Overpriced
47.62824408871563,-122.31908712323094,1.0,,1.0,1.0,1,0,,0.0,1,337,0.9232876712328767,,2023,0.0,0,0,0,0,0,0,0,0,Seattle,Broadway,Private room,House,f,f,75.0,60.57083,0.2382197567998549,Overpriced
30.31584,-97.70074,,,,,1,1,0.02,0.02,1,0,0.0,,2020,0.0,0,0,0,0,0,0,0,0,Austin,78723,Private room,Apartment,Unknown,Unknown,200.0,78.331764,1.5532426339236363,Overpriced
40.75782,-73.92129,,,,,30,24,0.29,0.29,8,262,0.7178082191780822,,2019,0.0,0,0,0,0,0,0,0,0,New York,Astoria,Entire home/apt,Apartment,Unknown,Unknown,107.0,107.747246,-0.00693517298846314,Fairly Priced
37.79359,-122.42421,,,,,30,141,0.98,0.98,9,365,1.0,,2023,0.0,0,0,0,0,0,0,0,0,San Francisco,Pacific Heights,Private room,Apartment,Unknown,Unknown,65.0,80.36105,-0.19115047406818364,Underpriced
40.81165,-73.95639,,,,,9,7,0.15,0.15,1,0,0.0,,2019,0.0,0,0,0,0,0,0,0,0,New York,Morningside Heights,Private room,Apartment,Unknown,Unknown,60.0,59.318447,0.011489729083165728,Fairly Priced
40.79416,-73.93984,,,,,7,47,0.8,0.8,2,121,0.3315068493150685,,2019,0.0,0,0,0,0,0,0,0,0,New York,East Harlem,Private room,Apartment,Unknown,Unknown,80.0,70.347916,0.13720497987016522,Fairly Priced
40.64335,-73.94888,,,,,2,9,0.21,0.21,4,361,0.989041095890411,,2019,0.0,0,0,0,0,0,0,0,0,New York,East Flatbush,Private room,Apartment,Unknown,Unknown,60.0,72.64796,-0.1740992781749177,Underpriced
40.69024,-73.9059,,,,,7,1,0.02,0.02,1,179,0.4904109589041096,,2019,0.0,0,0,0,0,0,0,0,0,New York,Bushwick,Private room,Apartment,Unknown,Unknown,168.0,57.410984,1.9262692986585666,Overpriced
35.593,-82.54085,,,,,2,88,3.64,3.64,3,60,0.1643835616438356,,2020,0.0,0,0,0,0,0,0,0,0,Asheville,28801,Entire home/apt,Apartment,Unknown,Unknown,243.0,128.34584,0.8933219739746885,Overpriced
37.792100345663975,-122.40664038219914,,,,,6,0,,0.0,1,55,0.1506849315068493,,2023,0.0,0,0,0,0,0,0,0,0,San Francisco,Chinatown,Entire home/apt,Apartment,Unknown,Unknown,200.0,244.03743,-0.18045358797596758,Underpriced
40.6891,-73.93926,,,,,2,4,0.08,0.08,1,0,0.0,,2019,0.0,0,0,0,0,0,0,0,0,New York,Bedford-Stuyvesant,Entire home/apt,Apartment,Unknown,Unknown,75.0,113.316315,-0.33813590566928503,Underpriced
47.64840403423241,-122.34487670503276,2.0,1.0,1.0,1.0,1,108,5.19,5.19,1,341,0.9342465753424658,96.0,2023,2.0,0,1,0,0,0,0,0,1,Seattle,Fremont,Private room,Townhouse,f,t,67.0,70.44491,-0.04890215961587094,Fairly Priced
40.83019,-73.94991,,,,,2,1,0.02,0.02,1,0,0.0,,2019,0.0,0,0,0,0,0,0,0,0,New York,Harlem,Private room,Apartment,Unknown,Unknown,75.0,69.17481,0.08420966372008191,Fairly Priced
40.82603,-73.92312,,,,,6,11,0.28,0.28,1,0,0.0,,2019,0.0,0,0,0,0,0,0,0,0,New York,Concourse Village,Entire home/apt,Apartment,Unknown,Unknown,87.0,112.326904,-0.22547496038827103,Underpriced
37.75897,-122.44022,,,,,30,31,3.29,3.29,1,169,0.46301369863013697,,2023,0.0,0,0,0,0,0,0,0,0,San Francisco,Castro/Upper Market,Entire home/apt,Apartment,Unknown,Unknown,160.0,199.04808,-0.196174112089746,Underpriced
38.87932,-77.00473,,,,,1,17,1.97,1.97,2,56,0.15342465753424658,,2023,0.0,0,0,0,0,0,0,0,0,Washington D.C.,"Near Southeast, Navy Yard",Entire home/apt,Apartment,Unknown,Unknown,189.0,175.9628,0.07409066573429629,Fairly Priced
47.61290508478416,-122.34657071763752,3.0,1.0,1.0,1.0,2,39,4.38,4.38,3,121,0.3315068493150685,98.0,2023,4.5,1,1,1,1,0,0,1,0,Seattle,Belltown,Entire home/apt,Apartment,f,t,139.0,133.1543,0.0439017235056839,Fairly Priced
38.92264,-76.99075,,,,,31,6,0.14,0.14,1,0,0.0,,2023,0.0,0,0,0,0,0,0,0,0,Washington D.C.,"Brookland, Brentwood, Langdon",Entire home/apt,Apartment,Unknown,Unknown,75.0,107.583565,-0.30286749497010645,Underpriced
40.71852,-73.94165,,,,,365,0,,0.0,1,363,0.9945205479452055,,2019,0.0,0,0,0,0,0,0,0,0,New York,Williamsburg,Entire home/apt,Apartment,Unknown,Unknown,240.0,116.41281,1.0616287620113694,Overpriced
40.77024,-73.98746,,,,,1,225,3.53,3.53,1,262,0.7178082191780822,,2019,0.0,0,0,0,0,0,0,0,0,New York,Upper West Side,Shared room,Apartment,Unknown,Unknown,70.0,70.37163,-0.005280932375660658,Fairly Priced
42.33376385933934,-71.10079693531384,2.0,1.0,1.0,1.0,2,4,0.83,0.83,17,304,0.8328767123287671,90.0,2023,3.0,0,1,1,1,0,0,0,0,Boston,Mission Hill,Entire home/apt,Apartment,f,f,239.0,157.77304,0.5148342126850638,Overpriced
40.72235,-73.99543,,,,,3,30,0.51,0.51,1,173,0.473972602739726,,2019,0.0,0,0,0,0,0,0,0,0,New York,Nolita,Entire home/apt,Apartment,Unknown,Unknown,250.0,225.27197,0.10976965777044674,Fairly Priced
40.66832,-73.98754,,,,,30,136,2.7,2.7,1,279,0.7643835616438356,,2019,0.0,0,0,0,0,0,0,0,0,New York,South Slope,Entire home/apt,Apartment,Unknown,Unknown,169.0,145.53296,0.1612489787838679,Overpriced
30.29698,-97.72941,,,,,2,5,4.41,4.41,1,72,0.19726027397260273,,2020,0.0,0,0,0,0,0,0,0,0,Austin,78705,Entire home/apt,Apartment,Unknown,Unknown,162.0,97.5223,0.66115851250031,Overpriced
42.36460886185974,-71.0294975810476,2.0,1.0,1.0,1.0,1,31,1.97,1.97,1,360,0.9863013698630136,85.0,2023,3.0,0,1,1,0,0,0,0,1,Boston,East Boston,Private room,Apartment,f,f,150.0,86.6966,0.7301716188247332,Overpriced
30.28702,-97.72669,,,,,2,2,2.0,2.0,12,26,0.07123287671232877,,2020,0.0,0,0,0,0,0,0,0,0,Austin,78705,Entire home/apt,Apartment,Unknown,Unknown,88.0,92.6122,-0.04980119230247702,Fairly Priced
37.71109,-122.44292,,,,,2,33,0.6,0.6,3,5,0.0136986301369863,,2023,0.0,0,0,0,0,0,0,0,0,San Francisco,Crocker Amazon,Entire home/apt,Apartment,Unknown,Unknown,103.0,189.10458,-0.4553278510610451,Underpriced
37.78774,-122.41302,,,,,1,1,0.05,0.05,5,143,0.3917808219178082,,2023,0.0,0,0,0,0,0,0,0,0,San Francisco,Downtown/Civic Center,Private room,Apartment,Unknown,Unknown,219.0,265.39877,-0.17482663026311357,Underpriced
30.29859,-97.7405,,,,,1,5,0.79,0.79,2,332,0.9095890410958904,,2020,0.0,0,0,0,0,0,0,0,0,Austin,78705,Entire home/apt,Apartment,Unknown,Unknown,139.0,187.79074,-0.2598144121249488,Underpriced
30.24754,-97.75855,,,,,2,68,0.66,0.66,1,262,0.7178082191780822,,2020,0.0,0,0,0,0,0,0,0,0,Austin,78704,Private room,Apartment,Unknown,Unknown,110.0,79.506325,0.3835377288648278,Overpriced
47.62242594691165,-122.29833910419516,4.0,1.0,2.0,3.0,2,6,0.31,0.31,1,365,1.0,80.0,2023,3.0,1,1,1,0,1,0,0,0,Seattle,Capitol Hill,Entire home/apt,Apartment,f,f,135.0,158.51817,-0.14836263086039983,Fairly Priced
30.31493,-97.72193,,,,,2,0,,0.0,1,0,0.0,,2020,0.0,0,0,0,0,0,0,0,0,Austin,78751,Entire home/apt,Apartment,Unknown,Unknown,200.0,249.32616,-0.19783787343314704,Underpriced
35.60469,-82.56583,,,,,1,0,,0.0,8,265,0.726027397260274,,2020,0.0,0,0,0,0,0,0,0,0,Asheville,28801,Hotel room,Apartment,Unknown,Unknown,255.0,274.45306,-0.07087938346840829,Fairly Priced
30.26526,-97.6846,,,,,2,94,1.54,1.54,1,338,0.9260273972602739,,2020,0.0,0,0,0,0,0,0,0,0,Austin,78721,Entire home/apt,Apartment,Unknown,Unknown,120.0,123.97516,-0.03206415489494188,Fairly Priced
40.67889,-73.86404,,,,,7,0,,0.0,1,0,0.0,,2019,0.0,0,0,0,0,0,0,0,0,New York,Cypress Hills,Private room,Apartment,Unknown,Unknown,75.0,47.608673,0.5753432121335272,Overpriced
40.79863,-73.95292,,,,,2,25,0.48,0.48,1,0,0.0,,2019,0.0,0,0,0,0,0,0,0,0,New York,Harlem,Private room,Apartment,Unknown,Unknown,95.0,79.80485,0.19040387542051138,Overpriced
38.90465,-77.06274,,,,,31,0,,0.0,101,352,0.9643835616438357,,2023,0.0,0,0,0,0,0,0,0,0,Washington D.C.,"Georgetown, Burleith/Hillandale",Entire home/apt,Apartment,Unknown,Unknown,146.0,197.69623,-0.26149324417152536,Underpriced
30.27913,-97.62897,,,,,2,2,0.04,0.04,1,0,0.0,,2020,0.0,0,0,0,0,0,0,0,0,Austin,78724,Entire home/apt,Apartment,Unknown,Unknown,121.0,208.65619,-0.4200986771574403,Underpriced
40.75287,-73.97439,,,,,10,3,0.13,0.13,1,14,0.038356164383561646,,2019,0.0,0,0,0,0,0,0,0,0,New York,Midtown,Entire home/apt,Apartment,Unknown,Unknown,149.0,161.83916,-0.07933282237871844,Fairly Priced
30.26647,-97.74243,,,,,2,99,1.36,1.36,31,311,0.852054794520548,,2020,0.0,0,0,0,0,0,0,0,0,Austin,78701,Entire home/apt,Apartment,Unknown,Unknown,80.0,180.04399,-0.5556641489883818,Underpriced
30.27227,-97.7483,,,,,3,0,,0.0,2,263,0.7205479452054795,,2020,0.0,0,0,0,0,0,0,0,0,Austin,78701,Entire home/apt,Apartment,Unknown,Unknown,295.0,412.18433,-0.28430078178909407,Underpriced
30.24669,-97.75773,,,,,2,4,1.35,1.35,1,1,0.0027397260273972603,,2020,0.0,0,0,0,0,0,0,0,0,Austin,78704,Entire home/apt,Apartment,Unknown,Unknown,95.0,180.91783,-0.4748997417563218,Underpriced
42.34473147773383,-71.07090818312652,4.0,1.0,2.0,3.0,3,9,2.23,2.23,58,79,0.21643835616438356,73.0,2023,3.0,0,1,1,1,0,0,0,0,Boston,South End,Entire home/apt,Apartment,t,f,229.0,226.73955,0.009969378051351709,Fairly Priced
35.5771,-82.59716,,,,,7,2,0.25,0.25,1,183,0.5013698630136987,,2020,0.0,0,0,0,0,0,0,0,0,Asheville,28806,Entire home/apt,Apartment,Unknown,Unknown,155.0,149.72653,0.035220664953337984,Fairly Priced
40.71903,-73.9597,,,,,1,68,0.67,0.67,2,215,0.589041095890411,,2019,0.0,0,0,0,0,0,0,0,0,New York,Williamsburg,Entire home/apt,Apartment,Unknown,Unknown,169.0,207.5575,-0.1857677801296351,Underpriced
30.22059,-97.78498,,,,,2,5,0.12,0.12,1,0,0.0,,2020,0.0,0,0,0,0,0,0,0,0,Austin,78745,Entire home/apt,Apartment,Unknown,Unknown,300.0,114.41168,1.6221098616659937,Overpriced
38.90494,-76.98224,,,,,4,97,2.07,2.07,1,151,0.4136986301369863,,2023,0.0,0,0,0,0,0,0,0,0,Washington D.C.,"Ivy City, Arboretum, Trinidad, Carver Langston",Entire home/apt,Apartment,Unknown,Unknown,115.0,150.16408,-0.23417103666613048,Underpriced
37.742973,-122.452248,,,,,3,6,0.63,0.63,3,85,0.2328767123287671,,2023,0.0,0,0,0,0,0,0,0,0,San Francisco,West of Twin Peaks,Entire home/apt,Apartment,Unknown,Unknown,542.0,342.4923,0.5825172853661674,Overpriced
40.72825,-74.00225,,,,,2,70,0.92,0.92,1,339,0.9287671232876712,,2019,0.0,0,0,0,0,0,0,0,0,New York,Greenwich Village,Entire home/apt,Apartment,Unknown,Unknown,290.0,239.31688,0.21178247385482832,Overpriced
30.326,-97.68318,,,,,1,7,0.34,0.34,9,0,0.0,,2020,0.0,0,0,0,0,0,0,0,0,Austin,78752,Private room,Apartment,Unknown,Unknown,45.0,50.677628,-0.11203420200294531,Fairly Priced
47.69584005470616,-122.35667175232032,3.0,1.0,2.0,2.0,1,19,1.52,1.52,1,364,0.9972602739726028,93.0,2023,3.0,1,1,1,0,1,0,0,0,Seattle,Greenwood,Entire home/apt,House,f,f,109.0,120.48773,-0.09534358186711622,Fairly Priced
30.32197,-97.72521,,,,,29,13,0.25,0.25,81,0,0.0,,2020,0.0,0,0,0,0,0,0,0,0,Austin,78751,Private room,Apartment,Unknown,Unknown,25.0,44.080853,-0.4328603332897467,Underpriced
30.31768,-97.67181,,,,,2,10,0.28,0.28,1,0,0.0,,2020,0.0,0,0,0,0,0,0,0,0,Austin,78723,Entire home/apt,Apartment,Unknown,Unknown,175.0,183.07951,-0.04413117226033457,Fairly Priced
30.28985,-97.7451,,,,,30,47,0.41,0.41,2,301,0.8246575342465754,,2020,0.0,0,0,0,0,0,0,0,0,Austin,78705,Entire home/apt,Apartment,Unknown,Unknown,112.0,101.36285,0.10494134691311367,Fairly Priced
47.63874945219668,-122.32704747692048,4.0,1.0,0.0,2.0,1,6,1.3,1.3,1,118,0.3232876712328767,73.0,2023,1.0,0,0,1,0,0,0,0,0,Seattle,Eastlake,Entire home/apt,Apartment,f,f,100.0,106.63186,-0.06219397184592856,Fairly Priced
42.366660144819434,-71.05209407170254,4.0,1.0,1.0,3.0,3,19,5.7,5.7,2,224,0.6136986301369863,98.0,2023,2.0,0,1,0,1,0,0,0,0,Boston,North End,Private room,House,f,t,120.0,130.55412,-0.08084097758355399,Fairly Priced
40.74722,-74.00466,,,,,3,11,0.19,0.19,1,0,0.0,,2019,0.0,0,0,0,0,0,0,0,0,New York,Chelsea,Entire home/apt,Apartment,Unknown,Unknown,300.0,211.20555,0.4204172114327807,Overpriced
37.77174,-122.43831,,,,,30,74,0.59,0.59,5,33,0.09041095890410959,,2023,0.0,0,0,0,0,0,0,0,0,San Francisco,Haight Ashbury,Entire home/apt,Apartment,Unknown,Unknown,225.0,155.65833,0.44547360199129044,Overpriced
37.80022,-122.43953,,,,,30,12,0.14,0.14,1,365,1.0,,2023,0.0,0,0,0,0,0,0,0,0,San Francisco,Marina,Entire home/apt,Apartment,Unknown,Unknown,799.0,242.90376,2.289368557870778,Overpriced
37.77561,-122.41555,,,,,365,0,,0.0,1,363,0.9945205479452055,,2023,0.0,0,0,0,0,0,0,0,0,San Francisco,South of Market,Private room,Apartment,Unknown,Unknown,70.0,111.23323,-0.3706916572665214,Underpriced
47.695746427644565,-122.3459451589091,1.0,1.0,1.0,1.0,1,48,3.01,3.01,2,365,1.0,83.0,2023,2.0,1,1,0,0,1,0,0,0,Seattle,Greenwood,Private room,House,t,f,55.0,50.3046,0.09333938169184022,Fairly Priced
35.52106,-82.61459,,,,,2,7,0.49,0.49,8,266,0.7287671232876712,,2020,0.0,0,0,0,0,0,0,0,0,Asheville,28806,Entire home/apt,Apartment,Unknown,Unknown,218.0,198.57047,0.09784705345535417,Fairly Priced
42.34272173190373,-71.07838891299248,2.0,1.0,1.0,1.0,1,21,1.44,1.44,1,365,1.0,77.0,2023,4.0,0,1,1,1,0,0,0,1,Boston,South End,Entire home/apt,Apartment,f,f,250.0,240.51839,0.0394215730602534,Fairly Priced
47.67959073237747,-122.37001012252033,2.0,1.0,1.0,1.0,3,19,1.1,1.1,2,355,0.9726027397260274,98.0,2023,3.0,1,1,1,0,1,0,0,0,Seattle,Ballard,Entire home/apt,House,t,t,140.0,114.20368,0.22587991573197905,Overpriced
40.69763,-73.93102,,,,,1,18,0.35,0.35,1,60,0.1643835616438356,,2019,0.0,0,0,0,0,0,0,0,0,New York,Bushwick,Private room,Apartment,Unknown,Unknown,42.0,65.04685,-0.3543115671792781,Underpriced
37.78796,-122.40882,,,,,1,1,0.06,0.06,3,0,0.0,,2023,0.0,0,0,0,0,0,0,0,0,San Francisco,Downtown/Civic Center,Private room,Apartment,Unknown,Unknown,129.0,166.17433,-0.2237068221822135,Underpriced
47.61716454839897,-122.34971710540508,3.0,1.0,0.0,1.0,2,6,1.5,1.5,1,107,0.29315068493150687,92.0,2023,4.5,1,1,1,0,0,0,1,1,Seattle,Belltown,Entire home/apt,Apartment,f,f,148.0,121.269684,0.22042043251173635,Overpriced
30.23133,-97.98096,,,,,2,10,3.09,3.09,1,149,0.40821917808219177,,2020,0.0,0,0,0,0,0,0,0,0,Austin,78737,Entire home/apt,Apartment,Unknown,Unknown,157.0,118.1134,0.3292310236309988,Overpriced
38.97172,-77.0252,,,,,31,5,0.11,0.11,1,0,0.0,,2023,0.0,0,0,0,0,0,0,0,0,Washington D.C.,"Takoma, Brightwood, Manor Park",Entire home/apt,Apartment,Unknown,Unknown,80.0,99.52777,-0.19620424330471717,Underpriced
47.6704531029363,-122.35994469580572,4.0,1.0,3.0,2.0,2,10,1.01,1.01,1,0,0.0,94.0,2023,4.0,1,1,1,1,1,0,0,0,Seattle,Phinney Ridge,Entire home/apt,House,f,f,325.0,140.46098,1.3138098026876182,Overpriced
30.42908,-97.72941,,,,,3,4,1.01,1.01,1,247,0.6767123287671233,,2020,0.0,0,0,0,0,0,0,0,0,Austin,78727,Entire home/apt,Apartment,Unknown,Unknown,271.0,185.431,0.4614600598432936,Overpriced
30.40223,-97.72379,,,,,30,1,0.88,0.88,6,6,0.01643835616438356,,2020,0.0,0,0,0,0,0,0,0,0,Austin,78758,Entire home/apt,Apartment,Unknown,Unknown,76.0,85.76666,-0.11387481221547664,Fairly Priced
37.79638,-122.4388,,,,,4,3,0.05,0.05,1,0,0.0,,2023,0.0,0,0,0,0,0,0,0,0,San Francisco,Marina,Entire home/apt,Apartment,Unknown,Unknown,750.0,410.29333,0.8279604763050921,Overpriced
38.87776,-77.00569,,,,,7,2,0.21,0.21,1,83,0.2273972602739726,,2023,0.0,0,0,0,0,0,0,0,0,Washington D.C.,"Near Southeast, Navy Yard",Entire home/apt,Apartment,Unknown,Unknown,309.0,233.89708,0.3210938789963571,Overpriced
40.76358,-73.95895,,,,,80,20,0.29,0.29,1,203,0.5561643835616439,,2019,0.0,0,0,0,0,0,0,0,0,New York,Upper East Side,Entire home/apt,Apartment,Unknown,Unknown,90.0,116.8922,-0.23005981087498223,Underpriced
40.75603,-73.99247,,,,,1,0,,0.0,1,0,0.0,,2019,0.0,0,0,0,0,0,0,0,0,New York,Hell's Kitchen,Entire home/apt,Apartment,Unknown,Unknown,95.0,241.20967,-0.6061517782513661,Underpriced
37.75279,-122.43861,,,,,30,1,0.06,0.06,1,359,0.9835616438356164,,2023,0.0,0,0,0,0,0,0,0,0,San Francisco,Noe Valley,Entire home/apt,Apartment,Unknown,Unknown,279.0,196.25885,0.42159194278970175,Overpriced
40.75666,-73.76314,,,,,2,67,0.95,0.95,2,322,0.8821917808219178,,2019,0.0,0,0,0,0,0,0,0,0,New York,Bayside,Entire home/apt,Apartment,Unknown,Unknown,299.0,158.78752,0.8830195057820268,Overpriced
40.67656,-73.94542,,,,,5,14,0.26,0.26,1,0,0.0,,2019,0.0,0,0,0,0,0,0,0,0,New York,Crown Heights,Entire home/apt,Apartment,Unknown,Unknown,85.0,99.92777,-0.1493856226875292,Fairly Priced
40.85228,-73.93498,,,,,1,297,5.92,5.92,3,271,0.7424657534246575,,2019,0.0,0,0,0,0,0,0,0,0,New York,Washington Heights,Private room,Apartment,Unknown,Unknown,67.0,58.31198,0.14899200164122575,Fairly Priced
40.81175,-73.94478,,,,,7,97,0.84,0.84,1,309,0.8465753424657534,,2019,0.0,0,0,0,0,0,0,0,0,New York,Harlem,Entire home/apt,Apartment,Unknown,Unknown,150.0,154.25534,-0.027586341972196234,Fairly Priced
30.29461,-97.70265,,,,,3,10,0.3,0.3,1,269,0.736986301369863,,2020,0.0,0,0,0,0,0,0,0,0,Austin,78723,Entire home/apt,Apartment,Unknown,Unknown,399.0,295.5216,0.35015508611833635,Overpriced
37.78924,-122.39584,,,,,30,4,0.07,0.07,1,364,0.9972602739726028,,2023,0.0,0,0,0,0,0,0,0,0,San Francisco,Financial District,Private room,Apartment,Unknown,Unknown,235.0,129.32861,0.817076623940498,Overpriced
42.34460149136394,-71.10171897944389,3.0,1.0,1.0,2.0,3,5,0.18,0.18,61,148,0.4054794520547945,80.0,2023,4.5,1,1,1,1,0,0,1,0,Boston,Fenway,Entire home/apt,Apartment,f,f,219.0,188.56517,0.16140218082383065,Overpriced
30.38768,-97.65558,,,,,1,210,6.52,6.52,4,0,0.0,,2020,0.0,0,0,0,0,0,0,0,0,Austin,78753,Entire home/apt,Apartment,Unknown,Unknown,84.0,75.82132,0.10786781956866395,Fairly Priced
40.70054,-73.90255,,,,,3,289,3.3,3.3,1,85,0.2328767123287671,,2019,0.0,0,0,0,0,0,0,0,0,New York,Ridgewood,Entire home/apt,Apartment,Unknown,Unknown,77.0,109.25717,-0.2952407713778711,Underpriced
30.34442,-97.80005,,,,,3,1,0.01,0.01,1,0,0.0,,2020,0.0,0,0,0,0,0,0,0,0,Austin,78746,Entire home/apt,Apartment,Unknown,Unknown,225.0,200.56392,0.12183687398134395,Fairly Priced
40.76807,-73.98342,,,,,1,0,,0.0,1,0,0.0,,2019,0.0,0,0,0,0,0,0,0,0,New York,Upper West Side,Entire home/apt,Apartment,Unknown,Unknown,400.0,220.92076,0.8106039377790002,Overpriced
30.27856,-97.70695,,,,,90,5,0.12,0.12,1,260,0.7123287671232876,,2020,0.0,0,0,0,0,0,0,0,0,Austin,78702,Entire home/apt,Apartment,Unknown,Unknown,72.0,102.05929,-0.2945277064598757,Underpriced
30.25434,-97.74738,,,,,1,5,2.73,2.73,1,21,0.057534246575342465,,2020,0.0,0,0,0,0,0,0,0,0,Austin,78704,Entire home/apt,Apartment,Unknown,Unknown,100.0,133.7582,-0.2523822501473595,Underpriced
47.61496234189891,-122.33213918258188,2.0,1.0,1.0,1.0,1,60,3.89,3.89,2,365,1.0,98.0,2023,4.5,1,1,1,1,0,0,1,0,Seattle,Belltown,Private room,Apartment,f,t,95.0,92.246574,0.029848540349582328,Fairly Priced
38.91104,-77.08546,,,,,3,17,0.19,0.19,1,347,0.9506849315068493,,2023,0.0,0,0,0,0,0,0,0,0,Washington D.C.,"Spring Valley, Palisades, Wesley Heights, Foxhall Crescent, Foxhall Village, Georgetown Reservoir",Entire home/apt,Apartment,Unknown,Unknown,270.0,293.03888,-0.0786205552045979,Fairly Priced
40.67061,-73.91672,,,,,1,130,2.32,2.32,10,26,0.07123287671232877,,2019,0.0,0,0,0,0,0,0,0,0,New York,Brownsville,Private room,Apartment,Unknown,Unknown,39.0,51.2919,-0.23964603539051116,Underpriced
37.76498,-122.46446,,,,,1,26,0.67,0.67,1,0,0.0,,2023,0.0,0,0,0,0,0,0,0,0,San Francisco,Inner Sunset,Entire home/apt,Apartment,Unknown,Unknown,186.0,194.55212,-0.0439580090238811,Fairly Priced
35.58533,-82.5512,,,,,1,32,1.23,1.23,4,47,0.12876712328767123,,2020,0.0,0,0,0,0,0,0,0,0,Asheville,28801,Private room,Apartment,Unknown,Unknown,72.0,81.954956,-0.12146862781604915,Fairly Priced
37.787447414241775,-122.42229958832088,,,,,1,1,0.59,0.59,26,361,0.989041095890411,,2023,0.0,0,0,0,0,0,0,0,0,San Francisco,Western Addition,Private room,Apartment,Unknown,Unknown,80.0,138.38284,-0.421893652019868,Underpriced
35.61791,-82.53316,,,,,2,53,2.11,2.11,1,130,0.3561643835616438,,2020,0.0,0,0,0,0,0,0,0,0,Asheville,28804,Entire home/apt,Apartment,Unknown,Unknown,175.0,162.09995,0.0795808717035686,Fairly Priced
42.358571311984065,-71.12983366784165,2.0,2.0,1.0,1.0,1,38,4.81,4.81,8,272,0.7452054794520548,94.0,2023,4.0,1,1,1,1,1,0,0,0,Boston,Allston-Brighton,Private room,House,t,f,70.0,69.45706,0.007816890300351192,Fairly Priced
40.74281,-73.97981,,,,,7,11,0.32,0.32,3,2,0.005479452054794521,,2019,0.0,0,0,0,0,0,0,0,0,New York,Kips Bay,Private room,Apartment,Unknown,Unknown,120.0,97.604645,0.2294496873191427,Overpriced
40.70803,-73.94868,,,,,3,2,0.04,0.04,1,0,0.0,,2019,0.0,0,0,0,0,0,0,0,0,New York,Williamsburg,Private room,Apartment,Unknown,Unknown,45.0,74.1843,-0.3934026740412517,Underpriced
30.36875,-97.65554,,,,,1,0,,0.0,1,0,0.0,,2020,0.0,0,0,0,0,0,0,0,0,Austin,78754,Private room,Apartment,Unknown,Unknown,109.0,66.6231,0.6360691643086919,Overpriced
38.90072,-77.01875,,,,,32,1,0.13,0.13,221,175,0.4794520547945205,,2023,0.0,0,0,0,0,0,0,0,0,Washington D.C.,"Downtown, Chinatown, Penn Quarters, Mount Vernon Square, North Capitol Street",Entire home/apt,Apartment,Unknown,Unknown,140.0,154.63974,-0.09466997287475319,Fairly Priced
40.72052,-73.98589,,,,,3,41,0.39,0.39,1,244,0.6684931506849315,,2019,0.0,0,0,0,0,0,0,0,0,New York,Lower East Side,Entire home/apt,Apartment,Unknown,Unknown,150.0,224.37337,-0.3314714584951457,Underpriced
42.35984896639969,-71.05779410822251,2.0,1.0,0.0,1.0,3,20,0.68,0.68,7,331,0.9068493150684932,88.0,2023,3.0,0,1,1,1,0,0,0,0,Boston,Downtown,Entire home/apt,Apartment,f,f,150.0,179.8896,-0.16615525421687308,Underpriced
38.89634,-76.97313,,,,,2,96,3.7,3.7,1,126,0.3452054794520548,,2023,0.0,0,0,0,0,0,0,0,0,Washington D.C.,"Union Station, Stanton Park, Kingman Park",Entire home/apt,Apartment,Unknown,Unknown,308.0,124.414055,1.4756045474149178,Overpriced
37.76466,-122.43177,,,,,3,34,0.37,0.37,1,65,0.1780821917808219,,2023,0.0,0,0,0,0,0,0,0,0,San Francisco,Castro/Upper Market,Entire home/apt,Apartment,Unknown,Unknown,800.0,460.7828,0.7361758921873344,Overpriced
37.76011,-122.41733,,,,,30,0,,0.0,8,365,1.0,,2023,0.0,0,0,0,0,0,0,0,0,San Francisco,Mission,Private room,Apartment,Unknown,Unknown,113.0,84.188034,0.342233504617346,Overpriced
47.613580878740464,-122.3489023962597,4.0,1.0,1.0,2.0,2,6,1.06,1.06,6,141,0.3863013698630137,97.0,2023,7.5,1,1,1,1,1,1,1,0,Seattle,Belltown,Entire home/apt,Apartment,f,f,187.0,150.17035,0.24525248222741833,Overpriced
35.60835,-82.54597,,,,,2,105,3.14,3.14,1,0,0.0,,2020,0.0,0,0,0,0,0,0,0,0,Asheville,28801,Private room,Apartment,Unknown,Unknown,111.0,74.782364,0.4843071845241022,Overpriced
30.23835,-97.76643,,,,,2,92,2.67,2.67,2,261,0.7150684931506849,,2020,0.0,0,0,0,0,0,0,0,0,Austin,78704,Entire home/apt,Apartment,Unknown,Unknown,181.0,163.15773,0.10935595810414671,Fairly Priced
38.94348,-77.06129,,,,,2,62,5.3,5.3,1,121,0.3315068493150685,,2023,0.0,0,0,0,0,0,0,0,0,Washington D.C.,"North Cleveland Park, Forest Hills, Van Ness",Entire home/apt,Apartment,Unknown,Unknown,131.0,140.60738,-0.06832768212596088,Fairly Priced
37.7513,-122.49381,,,,,1,87,4.53,4.53,1,171,0.4684931506849315,,2023,0.0,0,0,0,0,0,0,0,0,San Francisco,Outer Sunset,Private room,Apartment,Unknown,Unknown,108.0,102.174644,0.057013709810199716,Fairly Priced
38.90715312744703,-77.00607998215706,,,,,1,17,1.61,1.61,78,277,0.7589041095890411,,2023,0.0,0,0,0,0,0,0,0,0,Washington D.C.,"Union Station, Stanton Park, Kingman Park",Entire home/apt,Apartment,Unknown,Unknown,443.0,248.02786,0.7860896572165903,Overpriced
42.30443377187232,-71.10967688765845,2.0,1.0,1.0,1.0,2,4,1.97,1.97,1,146,0.4,90.0,2023,4.0,1,1,1,0,1,0,0,1,Boston,Jamaica Plain,Private room,Apartment,f,f,60.0,65.04102,-0.07750528823443643,Fairly Priced
40.79307,-73.95138,,,,,2,117,1.53,1.53,1,303,0.8301369863013699,,2019,0.0,0,0,0,0,0,0,0,0,New York,East Harlem,Shared room,Apartment,Unknown,Unknown,56.0,54.069126,0.03571120913323979,Fairly Priced
40.7026,-73.92787,,,,,3,4,0.08,0.08,1,0,0.0,,2019,0.0,0,0,0,0,0,0,0,0,New York,Bushwick,Entire home/apt,Apartment,Unknown,Unknown,100.0,117.6023,-0.14967651286925854,Fairly Priced
47.61411914483935,-122.34129656255176,2.0,1.0,0.0,1.0,2,76,5.08,5.08,3,290,0.7945205479452054,87.0,2023,1.0,0,0,1,0,0,0,0,0,Seattle,Belltown,Entire home/apt,Apartment,t,f,75.0,96.179756,-0.22021012538558565,Underpriced
30.26519,-97.74229,,,,,30,0,,0.0,593,359,0.9835616438356164,,2020,0.0,0,0,0,0,0,0,0,0,Austin,78701,Entire home/apt,Apartment,Unknown,Unknown,133.0,138.34024,-0.03860222058342431,Fairly Priced
47.5713534107058,-122.37557989787996,2.0,1.0,1.0,1.0,2,7,1.49,1.49,1,365,1.0,100.0,2023,5.0,1,1,1,1,1,0,0,1,Seattle,North Admiral,Entire home/apt,Apartment,f,f,120.0,123.78384,-0.030568097385481732,Fairly Priced
40.85774,-73.92901,,,,,122,20,0.41,0.41,1,216,0.5917808219178082,,2019,0.0,0,0,0,0,0,0,0,0,New York,Washington Heights,Entire home/apt,Apartment,Unknown,Unknown,56.0,85.32958,-0.3437211510150953,Underpriced
37.72468,-122.43184,,,,,10,8,1.14,1.14,5,131,0.3589041095890411,,2023,0.0,0,0,0,0,0,0,0,0,San Francisco,Excelsior,Private room,Apartment,Unknown,Unknown,55.0,52.599346,0.04564037415538035,Fairly Priced
30.24089,-97.75148,,,,,2,1,0.03,0.03,1,0,0.0,,2020,0.0,0,0,0,0,0,0,0,0,Austin,78704,Entire home/apt,Apartment,Unknown,Unknown,300.0,248.44238,0.20752343703936638,Overpriced
40.68757,-73.93032,,,,,2,77,1.77,1.77,1,274,0.7506849315068493,,2019,0.0,0,0,0,0,0,0,0,0,New York,Bedford-Stuyvesant,Entire home/apt,Apartment,Unknown,Unknown,70.0,151.01485,-0.5364694168654072,Underpriced
47.60419373184845,-122.309920112886,10.0,3.5,4.0,6.0,1,21,2.42,2.42,8,94,0.25753424657534246,93.0,2023,4.0,0,1,1,1,0,0,0,1,Seattle,Minor,Entire home/apt,House,f,f,300.0,197.514,0.5188796161516308,Overpriced
40.71843,-73.95725,,,,,1,0,,0.0,1,0,0.0,,2019,0.0,0,0,0,0,0,0,0,0,New York,Williamsburg,Private room,Apartment,Unknown,Unknown,115.0,92.57721,0.24220637730462788,Overpriced
38.92271,-77.04603,,,,,31,5,0.12,0.12,2,4,0.010958904109589041,,2023,0.0,0,0,0,0,0,0,0,0,Washington D.C.,"Kalorama Heights, Adams Morgan, Lanier Heights",Entire home/apt,Apartment,Unknown,Unknown,171.0,110.16597,0.5522034638732148,Overpriced
30.27855,-97.77102,,,,,2,98,1.35,1.35,2,2,0.005479452054794521,,2020,0.0,0,0,0,0,0,0,0,0,Austin,78703,Entire home/apt,Apartment,Unknown,Unknown,623.0,153.65633,3.0545027661809248,Overpriced
47.62336215811369,-122.31667781615316,7.0,2.0,2.0,4.0,3,11,0.26,0.26,1,62,0.16986301369863013,100.0,2023,3.0,1,1,1,0,1,0,0,0,Seattle,Capitol Hill,Entire home/apt,Apartment,t,t,240.0,292.2268,-0.17872010867522,Underpriced
30.2632,-97.76294,,,,,2,151,2.09,2.09,2,62,0.16986301369863013,,2020,0.0,0,0,0,0,0,0,0,0,Austin,78704,Private room,Apartment,Unknown,Unknown,73.0,69.16765,0.05540670787437202,Fairly Priced
40.70776,-73.95886,,,,,30,37,0.74,0.74,1,186,0.5095890410958904,,2019,0.0,0,0,0,0,0,0,0,0,New York,Williamsburg,Entire home/apt,Apartment,Unknown,Unknown,163.0,138.01227,0.18105442569475494,Overpriced
30.45628,-97.686,,,,,7,21,0.51,0.51,1,365,1.0,,2020,0.0,0,0,0,0,0,0,0,0,Austin,78728,Private room,Apartment,Unknown,Unknown,65.0,77.22946,-0.1583522842900356,Underpriced
47.60971006264152,-122.32361711381472,3.0,1.0,1.0,1.0,2,0,,0.0,3,65,0.1780821917808219,,2023,4.5,1,1,1,1,0,0,1,0,Seattle,First Hill,Entire home/apt,Apartment,f,t,109.0,136.02,-0.1986472829271297,Underpriced
38.900692,-77.049126,,,,,31,1,0.04,0.04,78,211,0.5780821917808219,,2023,0.0,0,0,0,0,0,0,0,0,Washington D.C.,"West End, Foggy Bottom, GWU",Entire home/apt,Apartment,Unknown,Unknown,479.0,230.4804,1.0782678947031477,Overpriced
37.74426,-122.48593,,,,,3,208,2.17,2.17,1,103,0.2821917808219178,,2023,0.0,0,0,0,0,0,0,0,0,San Francisco,Parkside,Entire home/apt,Apartment,Unknown,Unknown,164.0,210.53311,-0.2210251452835869,Underpriced
30.38027,-97.70214,,,,,2,6,4.39,4.39,1,134,0.36712328767123287,,2020,0.0,0,0,0,0,0,0,0,0,Austin,78758,Entire home/apt,Apartment,Unknown,Unknown,116.0,97.25169,0.1927812828362245,Overpriced
40.53884,-74.19826,,,,,7,0,,0.0,1,0,0.0,,2019,0.0,0,0,0,0,0,0,0,0,New York,Woodrow,Entire home/apt,Apartment,Unknown,Unknown,700.0,156.5051,3.47269779670261,Overpriced
30.34469,-97.86141,,,,,1,20,0.55,0.55,3,329,0.9013698630136986,,2020,0.0,0,0,0,0,0,0,0,0,Austin,78733,Private room,Apartment,Unknown,Unknown,53.0,60.704502,-0.12691813355615714,Fairly Priced
42.35293528817547,-71.12771394006761,2.0,1.0,1.0,1.0,1,1,0.08,0.08,1,0,0.0,20.0,2023,0.0,0,0,0,0,0,0,0,0,Boston,Allston-Brighton,Shared room,Apartment,f,f,50.0,60.85613,-0.1783900640058662,Underpriced
30.25516,-97.71281,,,,,1,23,2.02,2.02,1,69,0.18904109589041096,,2020,0.0,0,0,0,0,0,0,0,0,Austin,78702,Entire home/apt,Apartment,Unknown,Unknown,450.0,179.46005,1.5075218342783419,Overpriced
40.84749,-73.9391,,,,,6,0,,0.0,1,0,0.0,,2019,0.0,0,0,0,0,0,0,0,0,New York,Washington Heights,Private room,Apartment,Unknown,Unknown,40.0,58.164448,-0.31229468302952207,Underpriced
40.68006,-73.91113,,,,,1,35,0.69,0.69,2,80,0.2191780821917808,,2019,0.0,0,0,0,0,0,0,0,0,New York,Bedford-Stuyvesant,Private room,Apartment,Unknown,Unknown,75.0,57.193302,0.3113423630855204,Overpriced
40.76589,-73.98536,,,,,5,263,4.1,4.1,2,236,0.6465753424657534,,2019,0.0,0,0,0,0,0,0,0,0,New York,Hell's Kitchen,Private room,Apartment,Unknown,Unknown,124.0,106.44397,0.1649321264373748,Overpriced
30.2672,-97.71089,,,,,1,49,4.11,4.11,1,72,0.19726027397260273,,2020,0.0,0,0,0,0,0,0,0,0,Austin,78702,Entire home/apt,Apartment,Unknown,Unknown,75.0,98.331154,-0.23727123044403828,Underpriced
30.31987,-97.73083,,,,,1,3,0.04,0.04,1,0,0.0,,2020,0.0,0,0,0,0,0,0,0,0,Austin,78756,Entire home/apt,Apartment,Unknown,Unknown,350.0,145.98088,1.3975742455604958,Overpriced
42.33426742141156,-71.10652941913347,2.0,1.0,1.0,1.0,3,29,1.97,1.97,2,308,0.8438356164383561,85.0,2023,1.0,0,0,1,0,0,0,0,0,Boston,Mission Hill,Entire home/apt,Apartment,f,f,100.0,134.45331,-0.25624738127263225,Underpriced
40.77645,-73.90566,,,,,3,95,1.75,1.75,1,336,0.9205479452054794,,2019,0.0,0,0,0,0,0,0,0,0,New York,Ditmars Steinway,Private room,Apartment,Unknown,Unknown,40.0,66.71858,-0.4004668758086106,Underpriced
30.15863,-97.6943,,,,,1,88,2.6,2.6,1,81,0.2219178082191781,,2020,0.0,0,0,0,0,0,0,0,0,Austin,78719,Entire home/apt,Apartment,Unknown,Unknown,130.0,101.28605,0.2834936442457365,Overpriced
30.43495,-97.73015,,,,,30,0,,0.0,593,315,0.863013698630137,,2020,0.0,0,0,0,0,0,0,0,0,Austin,78727,Entire home/apt,Apartment,Unknown,Unknown,94.0,102.305885,-0.08118677913174133,Fairly Priced
37.72364,-122.47069,,,,,3,53,1.4,1.4,2,168,0.4602739726027397,,2023,0.0,0,0,0,0,0,0,0,0,San Francisco,Ocean View,Private room,Apartment,Unknown,Unknown,69.0,95.28254,-0.2758379399005819,Underpriced
30.30095,-97.79681,,,,,2,30,0.5,0.5,2,0,0.0,,2020,0.0,0,0,0,0,0,0,0,0,Austin,78746,Entire home/apt,Apartment,Unknown,Unknown,645.0,177.75832,2.628522222581797,Overpriced
40.68991,-73.93179,,,,,3,21,0.23,0.23,3,43,0.1178082191780822,,2019,0.0,0,0,0,0,0,0,0,0,New York,Bedford-Stuyvesant,Entire home/apt,Apartment,Unknown,Unknown,100.0,146.29395,-0.31644471145822906,Underpriced
47.6193017975263,-122.34436131157774,3.0,1.0,1.0,1.0,1,3,2.37,2.37,1,63,0.1726027397260274,93.0,2023,5.5,1,1,1,1,1,0,1,0,Seattle,South Lake Union,Entire home/apt,Condominium,t,f,119.0,110.350586,0.07838122461260719,Fairly Priced
30.23687,-97.73472,,,,,3,14,0.46,0.46,1,10,0.0273972602739726,,2020,0.0,0,0,0,0,0,0,0,0,Austin,78741,Entire home/apt,Apartment,Unknown,Unknown,275.0,146.82405,0.872990142337648,Overpriced
30.27595,-97.71684,,,,,2,31,0.79,0.79,1,212,0.5808219178082191,,2020,0.0,0,0,0,0,0,0,0,0,Austin,78702,Entire home/apt,Apartment,Unknown,Unknown,90.0,257.5877,-0.6506044451163265,Underpriced
30.31674,-97.69914,,,,,6,0,,0.0,1,365,1.0,,2020,0.0,0,0,0,0,0,0,0,0,Austin,78723,Entire home/apt,Apartment,Unknown,Unknown,400.0,339.1581,0.1793909281593891,Overpriced
42.32392154881352,-71.07958213027628,6.0,1.0,2.0,5.0,1,0,,0.0,5,85,0.2328767123287671,,2023,3.0,1,1,0,1,1,0,0,0,Boston,Roxbury,Entire home/apt,Apartment,f,f,120.0,225.94331,-0.4688933339573448,Underpriced
38.91681,-77.04649,,,,,1,70,7.12,7.12,5,343,0.9397260273972603,,2023,0.0,0,0,0,0,0,0,0,0,Washington D.C.,"Kalorama Heights, Adams Morgan, Lanier Heights",Private room,Apartment,Unknown,Unknown,237.0,87.85724,1.6975580307241709,Overpriced
30.35274,-97.9979,,,,,3,8,2.05,2.05,1,291,0.7972602739726027,,2020,0.0,0,0,0,0,0,0,0,0,Austin,78738,Entire home/apt,Apartment,Unknown,Unknown,325.0,191.53717,0.6967985864260574,Overpriced
37.7878653,-122.4104163,,,,,2,0,,0.0,9,28,0.07671232876712329,,2023,0.0,0,0,0,0,0,0,0,0,San Francisco,Downtown/Civic Center,Private room,Apartment,Unknown,Unknown,223.0,186.94212,0.1928825666927779,Overpriced
40.7108,-73.96226,,,,,3,16,0.19,0.19,1,291,0.7972602739726027,,2019,0.0,0,0,0,0,0,0,0,0,New York,Williamsburg,Entire home/apt,Apartment,Unknown,Unknown,200.0,219.36844,-0.08829182007062901,Fairly Priced
38.90246,-77.01713,,,,,31,3,0.04,0.04,1,0,0.0,,2023,0.0,0,0,0,0,0,0,0,0,Washington D.C.,"Downtown, Chinatown, Penn Quarters, Mount Vernon Square, North Capitol Street",Entire home/apt,Apartment,Unknown,Unknown,175.0,146.22723,0.19676749226872006,Overpriced
37.74314,-122.48702,,,,,2,14,3.31,3.31,1,31,0.08493150684931507,,2023,0.0,0,0,0,0,0,0,0,0,San Francisco,Parkside,Entire home/apt,Apartment,Unknown,Unknown,169.0,146.49074,0.15365655471007145,Overpriced
42.3222160892461,-71.05485480017639,2.0,1.0,1.0,1.0,1,86,2.92,2.92,1,5,0.0136986301369863,94.0,2023,4.0,1,1,1,1,1,0,0,0,Boston,Dorchester,Entire home/apt,Apartment,f,f,99.0,118.27676,-0.16298008917244536,Underpriced
40.70412,-73.93555,,,,,14,1,0.02,0.02,2,0,0.0,,2019,0.0,0,0,0,0,0,0,0,0,New York,Williamsburg,Private room,Apartment,Unknown,Unknown,69.0,51.90511,0.3293488982158896,Overpriced
30.23221,-97.77958,,,,,3,17,2.44,2.44,10,76,0.20821917808219179,,2020,0.0,0,0,0,0,0,0,0,0,Austin,78704,Entire home/apt,Apartment,Unknown,Unknown,247.0,142.0451,0.738884279285531,Overpriced
40.72915,-73.98019,,,,,3,141,1.66,1.66,1,13,0.03561643835616438,,2019,0.0,0,0,0,0,0,0,0,0,New York,East Village,Entire home/apt,Apartment,Unknown,Unknown,118.0,177.72942,-0.33606938723822566,Underpriced
47.60526921641393,-122.2987883027356,2.0,1.0,1.0,1.0,1,6,0.31,0.31,1,331,0.9068493150684932,88.0,2023,4.0,1,1,1,0,1,0,0,1,Seattle,Minor,Private room,House,f,f,75.0,70.99224,0.05645348059315891,Fairly Priced
40.84699,-73.9362,,,,,7,24,0.54,0.54,2,0,0.0,,2019,0.0,0,0,0,0,0,0,0,0,New York,Washington Heights,Private room,Apartment,Unknown,Unknown,55.0,53.958084,0.019309727370958124,Fairly Priced
38.94831,-77.02268,,,,,4,255,1.74,1.74,2,111,0.3041095890410959,,2023,0.0,0,0,0,0,0,0,0,0,Washington D.C.,"Brightwood Park, Crestwood, Petworth",Entire home/apt,Apartment,Unknown,Unknown,274.0,146.29556,0.8729207835182557,Overpriced
37.71907,-122.40276,,,,,1,695,8.59,8.59,6,11,0.030136986301369864,,2023,0.0,0,0,0,0,0,0,0,0,San Francisco,Visitacion Valley,Entire home/apt,Apartment,Unknown,Unknown,158.0,126.364136,0.250354770932451,Overpriced
38.91386,-77.02888,,,,,31,119,1.28,1.28,1,275,0.7534246575342466,,2023,0.0,0,0,0,0,0,0,0,0,Washington D.C.,"Shaw, Logan Circle",Entire home/apt,Apartment,Unknown,Unknown,224.0,196.81448,0.138127620763885,Fairly Priced
42.316052291214056,-71.09932133876652,1.0,1.5,1.0,1.0,1,0,,0.0,3,358,0.9808219178082191,,2023,3.0,0,1,1,1,0,0,0,0,Boston,Jamaica Plain,Private room,Apartment,t,t,75.0,72.11142,0.04005718283143888,Fairly Priced
37.79862,-122.41207,,,,,30,11,0.28,0.28,2,335,0.9178082191780822,,2023,0.0,0,0,0,0,0,0,0,0,San Francisco,Russian Hill,Entire home/apt,Apartment,Unknown,Unknown,93.0,168.16348,-0.44696673424215133,Underpriced
35.61253,-82.48787,,,,,2,95,2.61,2.61,1,138,0.3780821917808219,,2020,0.0,0,0,0,0,0,0,0,0,Asheville,28805,Entire home/apt,Apartment,Unknown,Unknown,166.0,143.17506,0.15941977088433582,Overpriced
37.71975,-122.45119,,,,,30,3,0.13,0.13,6,287,0.7863013698630137,,2023,0.0,0,0,0,0,0,0,0,0,San Francisco,Ocean View,Entire home/apt,Apartment,Unknown,Unknown,75.0,89.33705,-0.16048270195035078,Underpriced
37.72847,-122.3834,,,,,1,19,0.51,0.51,1,266,0.7287671232876712,,2023,0.0,0,0,0,0,0,0,0,0,San Francisco,Bayview,Entire home/apt,Apartment,Unknown,Unknown,81.0,172.7955,-0.5312377972870085,Underpriced
47.65665819458098,-122.32031378158015,4.0,2.5,2.0,2.0,1,34,5.8,5.8,2,335,0.9178082191780822,97.0,2023,4.0,1,1,1,1,1,0,0,0,Seattle,University District,Entire home/apt,Townhouse,f,f,92.0,151.02841,-0.39084309459538374,Underpriced
47.608737748300506,-122.34118078540386,3.0,1.0,1.0,1.0,2,21,5.43,5.43,1,67,0.18356164383561643,95.0,2023,2.0,0,1,1,0,0,0,0,0,Seattle,Pike Place Market,Entire home/apt,Apartment,t,f,150.0,123.64295,0.21317064673494823,Overpriced
37.77963,-122.41298,,,,,1,3,0.07,0.07,9,299,0.8191780821917808,,2023,0.0,0,0,0,0,0,0,0,0,San Francisco,South of Market,Hotel room,Apartment,Unknown,Unknown,119.0,255.47505,-0.5342010927315499,Underpriced
37.76344,-122.47735,,,,,30,7,0.13,0.13,20,335,0.9178082191780822,,2023,0.0,0,0,0,0,0,0,0,0,San Francisco,Outer Sunset,Private room,Apartment,Unknown,Unknown,63.0,52.794453,0.19330719075902317,Overpriced
30.27172,-97.74754,,,,,2,8,0.27,0.27,6,0,0.0,,2020,0.0,0,0,0,0,0,0,0,0,Austin,78701,Entire home/apt,Apartment,Unknown,Unknown,286.0,236.25291,0.21056707677695208,Overpriced
37.76697,-122.4391,,,,,30,48,0.71,0.71,1,173,0.473972602739726,,2023,0.0,0,0,0,0,0,0,0,0,San Francisco,Castro/Upper Market,Entire home/apt,Apartment,Unknown,Unknown,314.0,204.76869,0.5334375431501147,Overpriced
37.77635,-122.44205,,,,,4,63,1.02,1.02,1,185,0.5068493150684932,,2023,0.0,0,0,0,0,0,0,0,0,San Francisco,Haight Ashbury,Entire home/apt,Apartment,Unknown,Unknown,235.0,336.016,-0.300628523204789,Underpriced
37.78908,-122.42439,,,,,90,4,0.2,0.2,1,277,0.7589041095890411,,2023,0.0,0,0,0,0,0,0,0,0,San Francisco,Western Addition,Entire home/apt,Apartment,Unknown,Unknown,166.0,141.56184,0.1726323666002436,Overpriced
40.66564,-73.98465,,,,,3,133,3.69,3.69,1,277,0.7589041095890411,,2019,0.0,0,0,0,0,0,0,0,0,New York,South Slope,Entire home/apt,Apartment,Unknown,Unknown,145.0,138.03056,0.050491981457822493,Fairly Priced
38.9598,-77.03141,,,,,65,5,0.05,0.05,1,364,0.9972602739726028,,2023,0.0,0,0,0,0,0,0,0,0,Washington D.C.,"Brightwood Park, Crestwood, Petworth",Private room,Apartment,Unknown,Unknown,88.0,75.816734,0.16069362253962308,Overpriced
47.6831754844364,-122.36321158140768,4.0,1.0,2.0,2.0,2,33,4.4,4.4,1,78,0.2136986301369863,88.0,2023,3.0,1,1,1,0,1,0,0,0,Seattle,Greenwood,Entire home/apt,House,t,f,100.0,96.27141,0.03873000294964071,Fairly Priced
40.73669,-74.00375,,,,,3,5,0.1,0.1,1,0,0.0,,2019,0.0,0,0,0,0,0,0,0,0,New York,West Village,Entire home/apt,Apartment,Unknown,Unknown,149.0,226.02037,-0.3407673844559763,Underpriced
47.61070500556576,-122.3409750354935,2.0,1.0,0.0,1.0,2,0,,0.0,6,352,0.9643835616438357,,2023,4.5,1,1,1,1,0,0,1,0,Seattle,Central Business District,Entire home/apt,Apartment,f,f,129.0,114.35501,0.1280660015451599,Fairly Priced
40.65551,-73.94206,,,,,2,6,0.16,0.16,1,130,0.3561643835616438,,2019,0.0,0,0,0,0,0,0,0,0,New York,East Flatbush,Entire home/apt,Apartment,Unknown,Unknown,199.0,116.74304,0.704598377805824,Overpriced
40.80161,-73.94277,,,,,1,7,0.2,0.2,1,0,0.0,,2019,0.0,0,0,0,0,0,0,0,0,New York,East Harlem,Private room,Apartment,Unknown,Unknown,75.0,69.469894,0.07960434714709412,Fairly Priced
47.623236139549086,-122.30689745612425,4.0,1.0,2.0,2.0,2,6,0.49,0.49,1,272,0.7452054794520548,87.0,2023,2.0,0,1,1,0,0,0,0,0,Seattle,Stevens,Entire home/apt,Apartment,f,f,104.0,146.0099,-0.28771954575784797,Underpriced
42.35990755591563,-71.06879350129807,2.0,1.0,1.0,1.0,1,0,,0.0,1,0,0.0,,2023,3.0,0,1,1,1,0,0,0,0,Boston,Beacon Hill,Entire home/apt,Apartment,f,f,250.0,177.0378,0.41212783721641194,Overpriced
47.67042421546338,-122.3152792275667,5.0,1.5,3.0,2.0,2,5,1.11,1.11,1,317,0.8684931506849315,100.0,2023,4.0,1,1,1,1,1,0,0,0,Seattle,University District,Entire home/apt,House,f,f,250.0,183.9323,0.35919577156053745,Overpriced
40.84984,-73.94187,,,,,3,2,0.04,0.04,1,0,0.0,,2019,0.0,0,0,0,0,0,0,0,0,New York,Washington Heights,Entire home/apt,Apartment,Unknown,Unknown,225.0,121.05293,0.8586910280367942,Overpriced
38.92986,-77.04216,,,,,4,53,0.5,0.5,7,250,0.684931506849315,,2023,0.0,0,0,0,0,0,0,0,0,Washington D.C.,"Columbia Heights, Mt. Pleasant, Pleasant Plains, Park View",Entire home/apt,Apartment,Unknown,Unknown,138.0,203.85938,-0.3230627730512762,Underpriced
40.65391,-73.97401,,,,,4,20,0.3,0.3,1,279,0.7643835616438356,,2019,0.0,0,0,0,0,0,0,0,0,New York,Windsor Terrace,Entire home/apt,Apartment,Unknown,Unknown,200.0,169.90707,0.17711402663486314,Overpriced
30.29117,-97.70136,,,,,2,13,1.12,1.12,1,16,0.043835616438356165,,2020,0.0,0,0,0,0,0,0,0,0,Austin,78723,Private room,Apartment,Unknown,Unknown,69.0,60.879257,0.13339096386946359,Fairly Priced
35.59421,-82.5569,,,,,1,104,2.82,2.82,10,326,0.8931506849315068,,2020,0.0,0,0,0,0,0,0,0,0,Asheville,28801,Entire home/apt,Apartment,Unknown,Unknown,114.0,133.3992,-0.14542216426745364,Fairly Priced
37.80023,-122.40844,,,,,2,417,3.27,3.27,2,121,0.3315068493150685,,2023,0.0,0,0,0,0,0,0,0,0,San Francisco,North Beach,Private room,Apartment,Unknown,Unknown,100.0,174.84918,-0.42807853727176287,Underpriced
30.20209,-97.8245,,,,,3,15,0.91,0.91,1,0,0.0,,2020,0.0,0,0,0,0,0,0,0,0,Austin,78745,Private room,Apartment,Unknown,Unknown,34.0,71.7918,-0.5264083180524332,Underpriced
30.2683,-97.7309,,,,,2,16,1.21,1.21,27,195,0.5342465753424658,,2020,0.0,0,0,0,0,0,0,0,0,Austin,78702,Entire home/apt,Apartment,Unknown,Unknown,150.0,253.81914,-0.4090280132769109,Underpriced
38.9034401,-77.01598609999996,,,,,32,1,0.25,0.25,221,222,0.6082191780821918,,2023,0.0,0,0,0,0,0,0,0,0,Washington D.C.,"Downtown, Chinatown, Penn Quarters, Mount Vernon Square, North Capitol Street",Entire home/apt,Apartment,Unknown,Unknown,142.0,144.39276,-0.01657119934599496,Fairly Priced
37.78939,-122.40806,,,,,2,1,0.03,0.03,15,365,1.0,,2023,0.0,0,0,0,0,0,0,0,0,San Francisco,Downtown/Civic Center,Private room,Apartment,Unknown,Unknown,391.0,275.90854,0.41713627883553656,Overpriced
30.2269,-97.74198,,,,,2,18,0.65,0.65,1,0,0.0,,2020,0.0,0,0,0,0,0,0,0,0,Austin,78741,Entire home/apt,Apartment,Unknown,Unknown,79.0,114.91285,-0.31252248643709735,Underpriced
42.35335666460161,-71.08157617020447,2.0,1.0,0.0,1.0,2,44,1.73,1.73,4,328,0.8986301369863013,75.0,2023,3.0,0,1,1,1,0,0,0,0,Boston,Back Bay,Entire home/apt,Apartment,f,f,97.0,183.53502,-0.47149050589737357,Underpriced
40.6874,-73.94339,,,,,1,0,,0.0,1,0,0.0,,2019,0.0,0,0,0,0,0,0,0,0,New York,Bedford-Stuyvesant,Private room,Apartment,Unknown,Unknown,750.0,63.230427,10.861378106946786,Overpriced
37.7575,-122.41549,,,,,30,3,0.06,0.06,1,0,0.0,,2023,0.0,0,0,0,0,0,0,0,0,San Francisco,Mission,Entire home/apt,Apartment,Unknown,Unknown,120.0,161.59491,-0.25740235106065146,Underpriced
42.35095492326392,-71.069194422319,4.0,2.0,2.0,2.0,1,0,,0.0,1,0,0.0,,2023,4.5,1,1,1,1,0,0,1,0,Boston,Back Bay,Entire home/apt,Apartment,f,f,275.0,320.23254,-0.14124905416557867,Fairly Priced
35.61768,-82.55927,,,,,14,122,1.47,1.47,1,261,0.7150684931506849,,2020,0.0,0,0,0,0,0,0,0,0,Asheville,28804,Entire home/apt,Apartment,Unknown,Unknown,136.0,126.932945,0.07143184718965244,Fairly Priced
30.22351,-97.7351,,,,,30,60,1.26,1.26,1,267,0.7315068493150685,,2020,0.0,0,0,0,0,0,0,0,0,Austin,78741,Entire home/apt,Apartment,Unknown,Unknown,95.0,93.16398,0.0197074175168364,Fairly Priced
37.78479,-122.4145,,,,,30,2,0.18,0.18,154,179,0.4904109589041096,,2023,0.0,0,0,0,0,0,0,0,0,San Francisco,Downtown/Civic Center,Entire home/apt,Apartment,Unknown,Unknown,81.0,93.37912,-0.13256839312553864,Fairly Priced
40.77276,-73.95557,,,,,30,3,0.1,0.1,29,315,0.863013698630137,,2019,0.0,0,0,0,0,0,0,0,0,New York,Upper East Side,Entire home/apt,Apartment,Unknown,Unknown,142.0,121.59024,0.16785688918092628,Overpriced
38.83995,-76.99123,,,,,1,7,0.26,0.26,2,137,0.37534246575342467,,2023,0.0,0,0,0,0,0,0,0,0,Washington D.C.,"Congress Heights, Bellevue, Washington Highlands",Private room,Apartment,Unknown,Unknown,119.0,49.95559,1.3821158288940418,Overpriced
30.21906,-97.77679,,,,,3,27,1.4,1.4,1,0,0.0,,2020,0.0,0,0,0,0,0,0,0,0,Austin,78745,Entire home/apt,Apartment,Unknown,Unknown,107.0,123.26315,-0.13193848015653042,Fairly Priced
37.80503,-122.40471,,,,,30,3,0.2,0.2,3,293,0.8027397260273973,,2023,0.0,0,0,0,0,0,0,0,0,San Francisco,North Beach,Entire home/apt,Apartment,Unknown,Unknown,149.0,202.06268,-0.26260506041965265,Underpriced
37.79735,-122.43271,,,,,30,2,0.2,0.2,1,63,0.1726027397260274,,2023,0.0,0,0,0,0,0,0,0,0,San Francisco,Marina,Entire home/apt,Apartment,Unknown,Unknown,79.0,171.0373,-0.538112426510603,Underpriced
40.77097,-73.94848,,,,,1,0,,0.0,1,0,0.0,,2019,0.0,0,0,0,0,0,0,0,0,New York,Upper East Side,Entire home/apt,Apartment,Unknown,Unknown,350.0,230.83476,0.516236099356775,Overpriced
42.34487888239292,-71.06312885220463,4.0,1.0,1.0,2.0,3,17,1.4,1.4,58,21,0.057534246575342465,91.0,2023,7.5,1,1,1,1,0,1,1,1,Boston,South End,Entire home/apt,Condominium,t,f,229.0,233.77995,-0.020446376780945737,Fairly Priced
42.36003477904195,-71.07059547723476,2.0,1.0,1.0,1.0,1,0,,0.0,1,0,0.0,,2023,2.0,0,0,1,1,0,0,0,0,Boston,Beacon Hill,Entire home/apt,Apartment,f,f,200.0,170.47269,0.17320846988631858,Overpriced
38.84143,-76.99395,,,,,2,28,2.69,2.69,20,360,0.9863013698630136,,2023,0.0,0,0,0,0,0,0,0,0,Washington D.C.,"Congress Heights, Bellevue, Washington Highlands",Private room,Apartment,Unknown,Unknown,45.0,49.690456,-0.09439350593867445,Fairly Priced
30.26137,-97.68926,,,,,2,0,,0.0,1,0,0.0,,2020,0.0,0,0,0,0,0,0,0,0,Austin,78721,Private room,Apartment,Unknown,Unknown,65.0,95.56429,-0.31982963487450666,Underpriced
38.93586,-77.05811,,,,,31,4,0.07,0.07,1,0,0.0,,2023,0.0,0,0,0,0,0,0,0,0,Washington D.C.,"Cleveland Park, Woodley Park, Massachusetts Avenue Heights, Woodland-Normanstone Terrace",Entire home/apt,Apartment,Unknown,Unknown,80.0,190.27728,-0.5795609499012511,Underpriced
30.4112,-97.91894,,,,,2,20,2.26,2.26,14,121,0.3315068493150685,,2020,0.0,0,0,0,0,0,0,0,0,Austin,78734,Entire home/apt,Apartment,Unknown,Unknown,265.0,228.2398,0.16105951601305102,Overpriced
40.72217,-73.99375,,,,,1,0,,0.0,1,0,0.0,,2019,0.0,0,0,0,0,0,0,0,0,New York,Nolita,Entire home/apt,Apartment,Unknown,Unknown,200.0,225.75153,-0.11407021847869786,Fairly Priced
30.23804,-97.74142,,,,,31,27,0.36,0.36,1,37,0.10136986301369863,,2020,0.0,0,0,0,0,0,0,0,0,Austin,78704,Entire home/apt,Apartment,Unknown,Unknown,57.0,82.88695,-0.31231633413284304,Underpriced
30.31388,-97.67158,,,,,2,0,,0.0,1,0,0.0,,2020,0.0,0,0,0,0,0,0,0,0,Austin,78723,Entire home/apt,Apartment,Unknown,Unknown,275.0,224.81485,0.22322880441031323,Overpriced
37.78071,-122.41037,,,,,1,1,0.28,0.28,3,0,0.0,,2023,0.0,0,0,0,0,0,0,0,0,San Francisco,South of Market,Private room,Apartment,Unknown,Unknown,94.0,133.15929,-0.2940785245144027,Underpriced
30.41863,-97.72405,,,,,1,9,0.38,0.38,1,0,0.0,,2020,0.0,0,0,0,0,0,0,0,0,Austin,78727,Private room,Apartment,Unknown,Unknown,45.0,49.660515,-0.09384749327211445,Fairly Priced
30.28199,-97.75692,,,,,60,0,,0.0,1,83,0.2273972602739726,,2020,0.0,0,0,0,0,0,0,0,0,Austin,78703,Entire home/apt,Apartment,Unknown,Unknown,140.0,201.31404,-0.3045691238981069,Underpriced
30.2533,-97.72416,,,,,1,496,7.61,7.61,3,155,0.4246575342465753,,2020,0.0,0,0,0,0,0,0,0,0,Austin,78702,Entire home/apt,Apartment,Unknown,Unknown,89.0,89.6677,-0.007446401640442698,Fairly Priced
40.73293,-73.9836,,,,,5,5,0.08,0.08,1,0,0.0,,2019,0.0,0,0,0,0,0,0,0,0,New York,Gramercy,Entire home/apt,Apartment,Unknown,Unknown,190.0,178.59424,0.06386410798308186,Fairly Priced
37.79769,-122.41155,,,,,7,27,0.23,0.23,3,335,0.9178082191780822,,2023,0.0,0,0,0,0,0,0,0,0,San Francisco,Russian Hill,Entire home/apt,Apartment,Unknown,Unknown,275.0,326.23996,-0.15706218135043107,Underpriced
30.31247,-97.71687,,,,,2,2,0.19,0.19,1,0,0.0,,2020,0.0,0,0,0,0,0,0,0,0,Austin,78751,Private room,Apartment,Unknown,Unknown,30.0,53.04564,-0.4344492677624174,Underpriced
47.63092742287477,-122.32456495810824,2.0,1.0,1.0,1.0,1,22,1.47,1.47,1,2,0.005479452054794521,92.0,2023,3.0,1,1,1,0,1,0,0,0,Seattle,Capitol Hill,Entire home/apt,Apartment,f,f,100.0,110.73609,-0.09695205472137637,Fairly Priced
40.76769,-73.99405,,,,,3,17,0.37,0.37,1,364,0.9972602739726028,,2019,0.0,0,0,0,0,0,0,0,0,New York,Hell's Kitchen,Private room,Apartment,Unknown,Unknown,150.0,148.76994,0.008268180627946027,Fairly Priced
42.31765907300954,-71.05346245162896,1.0,1.0,1.0,1.0,1,0,,0.0,1,0,0.0,,2023,0.0,0,0,0,0,0,0,0,0,Boston,Dorchester,Private room,Apartment,f,f,100.0,54.792706,0.8250604532477595,Overpriced
37.79753,-122.40483,,,,,32,0,,0.0,3,253,0.6931506849315069,,2023,0.0,0,0,0,0,0,0,0,0,San Francisco,Financial District,Private room,Apartment,Unknown,Unknown,70.0,103.803955,-0.3256518988383771,Underpriced
37.75044,-122.41588,,,,,5,156,1.55,1.55,1,7,0.019178082191780823,,2023,0.0,0,0,0,0,0,0,0,0,San Francisco,Mission,Entire home/apt,Apartment,Unknown,Unknown,246.0,224.92093,0.09371769511556592,Fairly Priced
38.91435,-77.04064,,,,,20,18,0.18,0.18,19,302,0.8273972602739726,,2023,0.0,0,0,0,0,0,0,0,0,Washington D.C.,"Dupont Circle, Connecticut Avenue/K Street",Private room,Apartment,Unknown,Unknown,95.0,116.76348,-0.18638945094499806,Underpriced
38.9413,-77.03284,,,,,31,13,0.11,0.11,1,342,0.936986301369863,,2023,0.0,0,0,0,0,0,0,0,0,Washington D.C.,"Brightwood Park, Crestwood, Petworth",Private room,Apartment,Unknown,Unknown,50.0,63.86248,-0.21706767617022613,Underpriced
40.60788,-73.98161,,,,,7,3,0.06,0.06,1,0,0.0,,2019,0.0,0,0,0,0,0,0,0,0,New York,Bensonhurst,Private room,Apartment,Unknown,Unknown,69.0,44.064003,0.5659040331521271,Overpriced
42.35256658682833,-71.12539767611463,2.0,1.0,1.0,1.0,3,1,0.32,0.32,2,0,0.0,100.0,2023,4.0,1,1,1,1,1,0,0,0,Boston,Allston-Brighton,Private room,Apartment,t,t,80.0,61.191868,0.3073632631117566,Overpriced
35.59267,-82.47299,,,,,2,196,4.84,4.84,1,254,0.6958904109589041,,2020,0.0,0,0,0,0,0,0,0,0,Asheville,28805,Entire home/apt,Apartment,Unknown,Unknown,74.0,111.53628,-0.336538734491972,Underpriced
30.15411,-97.78617,,,,,2,1,0.05,0.05,1,0,0.0,,2020,0.0,0,0,0,0,0,0,0,0,Austin,78747,Entire home/apt,Apartment,Unknown,Unknown,230.0,127.70414,0.801037934426016,Overpriced
40.77583,-73.9131,,,,,3,0,,0.0,1,0,0.0,,2019,0.0,0,0,0,0,0,0,0,0,New York,Ditmars Steinway,Private room,Apartment,Unknown,Unknown,50.0,64.75069,-0.22780741656476575,Underpriced
40.68569,-73.93038,,,,,2,38,0.54,0.54,2,307,0.8410958904109589,,2019,0.0,0,0,0,0,0,0,0,0,New York,Bedford-Stuyvesant,Private room,Apartment,Unknown,Unknown,99.0,65.99468,0.5001208662835092,Overpriced
30.25194,-97.78195,,,,,4,0,,0.0,21,197,0.5397260273972603,,2020,0.0,0,0,0,0,0,0,0,0,Austin,78704,Entire home/apt,Apartment,Unknown,Unknown,350.0,335.5424,0.04308728661880939,Fairly Priced
40.76551,-73.98899,,,,,2,101,2.07,2.07,2,42,0.11506849315068493,,2019,0.0,0,0,0,0,0,0,0,0,New York,Hell's Kitchen,Shared room,Apartment,Unknown,Unknown,116.0,65.47142,0.7717654434496654,Overpriced
37.75312,-122.42518,,,,,30,8,0.38,0.38,2,93,0.2547945205479452,,2023,0.0,0,0,0,0,0,0,0,0,San Francisco,Mission,Entire home/apt,Apartment,Unknown,Unknown,85.0,171.66823,-0.5048588727436567,Underpriced
30.18864,-97.88932,,,,,30,34,0.55,0.55,9,298,0.8164383561643835,,2020,0.0,0,0,0,0,0,0,0,0,Austin,78739,Private room,Apartment,Unknown,Unknown,35.0,51.425835,-0.31940822673495256,Underpriced
38.89754,-77.0085,,,,,2,0,,0.0,13,244,0.6684931506849315,,2023,0.0,0,0,0,0,0,0,0,0,Washington D.C.,"Union Station, Stanton Park, Kingman Park",Entire home/apt,Apartment,Unknown,Unknown,268.0,263.3274,0.017744479129677755,Fairly Priced
30.2084,-97.76878,,,,,2,14,0.15,0.15,14,364,0.9972602739726028,,2020,0.0,0,0,0,0,0,0,0,0,Austin,78745,Entire home/apt,Apartment,Unknown,Unknown,15.0,102.29515,-0.8533654832216216,Underpriced
38.91327,-77.0247,,,,,3,110,1.26,1.26,1,268,0.7342465753424657,,2023,0.0,0,0,0,0,0,0,0,0,Washington D.C.,"Shaw, Logan Circle",Entire home/apt,Apartment,Unknown,Unknown,99.0,251.96999,-0.607096060977024,Underpriced
40.85535,-73.91388,,,,,2,106,2.02,2.02,4,82,0.22465753424657534,,2019,0.0,0,0,0,0,0,0,0,0,New York,University Heights,Private room,Apartment,Unknown,Unknown,57.0,54.00824,0.05539451513271426,Fairly Priced
40.73055,-73.98875,,,,,4,65,0.85,0.85,1,1,0.0027397260273972603,,2019,0.0,0,0,0,0,0,0,0,0,New York,East Village,Entire home/apt,Apartment,Unknown,Unknown,159.0,180.69452,-0.12006185443737694,Fairly Priced
30.19957,-97.73386,,,,,1,32,1.71,1.71,1,0,0.0,,2020,0.0,0,0,0,0,0,0,0,0,Austin,78744,Private room,Apartment,Unknown,Unknown,42.0,41.23948,0.018441574731362924,Fairly Priced
37.73185,-122.38527,,,,,1,64,1.44,1.44,4,242,0.663013698630137,,2023,0.0,0,0,0,0,0,0,0,0,San Francisco,Bayview,Private room,Apartment,Unknown,Unknown,50.0,69.41978,-0.2797441561914186,Underpriced
30.27454,-97.76459,,,,,1,3,0.05,0.05,1,0,0.0,,2020,0.0,0,0,0,0,0,0,0,0,Austin,78703,Entire home/apt,Apartment,Unknown,Unknown,80.0,181.39633,-0.5589767488027834,Underpriced
30.27365,-97.72795,,,,,2,17,4.32,4.32,1,56,0.15342465753424658,,2020,0.0,0,0,0,0,0,0,0,0,Austin,78702,Entire home/apt,Apartment,Unknown,Unknown,196.0,126.244064,0.5525482408901351,Overpriced
30.41731,-97.73876,,,,,1,43,3.61,3.61,2,97,0.26575342465753427,,2020,0.0,0,0,0,0,0,0,0,0,Austin,78727,Entire home/apt,Apartment,Unknown,Unknown,136.0,108.346985,0.2552264391262294,Overpriced
40.68793,-73.92179,,,,,2,57,1.25,1.25,3,117,0.32054794520547947,,2019,0.0,0,0,0,0,0,0,0,0,New York,Bedford-Stuyvesant,Private room,Apartment,Unknown,Unknown,39.0,63.473732,-0.3855726018552029,Underpriced
30.27259,-97.74682,,,,,3,0,,0.0,2,80,0.2191780821917808,,2020,0.0,0,0,0,0,0,0,0,0,Austin,78701,Private room,Apartment,Unknown,Unknown,600.0,201.5627,1.976741256537947,Overpriced
37.8002289,-122.4076054,,,,,30,1,1.0,1.0,2,7,0.019178082191780823,,2023,0.0,0,0,0,0,0,0,0,0,San Francisco,North Beach,Entire home/apt,Apartment,Unknown,Unknown,117.0,174.93222,-0.3311695255852966,Underpriced
37.78267,-122.42476,,,,,30,3,0.16,0.16,1,83,0.2273972602739726,,2023,0.0,0,0,0,0,0,0,0,0,San Francisco,Western Addition,Entire home/apt,Apartment,Unknown,Unknown,175.0,162.81343,0.07484990123373253,Fairly Priced
37.78754,-122.45868,,,,,30,0,,0.0,2,365,1.0,,2023,0.0,0,0,0,0,0,0,0,0,San Francisco,Presidio Heights,Private room,Apartment,Unknown,Unknown,500.0,119.18996,3.1949843257780173,Overpriced
40.74102,-73.91681,,,,,40,41,0.43,0.43,3,246,0.673972602739726,,2019,0.0,0,0,0,0,0,0,0,0,New York,Sunnyside,Private room,Apartment,Unknown,Unknown,42.0,44.521744,-0.05664072340004051,Fairly Priced
38.93326,-77.04514,,,,,2,25,2.01,2.01,1,116,0.3178082191780822,,2023,0.0,0,0,0,0,0,0,0,0,Washington D.C.,"Columbia Heights, Mt. Pleasant, Pleasant Plains, Park View",Entire home/apt,Apartment,Unknown,Unknown,177.0,159.78777,0.10771935162179065,Fairly Priced
30.31784,-97.6775,,,,,30,88,1.63,1.63,39,101,0.27671232876712326,,2020,0.0,0,0,0,0,0,0,0,0,Austin,78723,Entire home/apt,Apartment,Unknown,Unknown,160.0,114.62827,0.39581619611147273,Overpriced
30.22798,-97.69751,,,,,1,18,0.59,0.59,3,75,0.2054794520547945,,2020,0.0,0,0,0,0,0,0,0,0,Austin,78741,Private room,Apartment,Unknown,Unknown,55.0,54.84373,0.0028493516186146512,Fairly Priced
37.70936,-122.43325,,,,,1,0,,0.0,2,364,0.9972602739726028,,2023,0.0,0,0,0,0,0,0,0,0,San Francisco,Crocker Amazon,Private room,Apartment,Unknown,Unknown,500.0,137.40866,2.6387808218660878,Overpriced
37.73833,-122.43051,,,,,2,19,1.41,1.41,1,97,0.26575342465753427,,2023,0.0,0,0,0,0,0,0,0,0,San Francisco,Glen Park,Entire home/apt,Apartment,Unknown,Unknown,299.0,343.164,-0.12869648703338202,Fairly Priced
42.383907080542,-71.07878595806467,2.0,1.0,1.0,1.0,1,5,5.0,5.0,4,242,0.663013698630137,96.0,2023,3.0,0,1,1,1,0,0,0,0,Boston,Charlestown,Private room,Apartment,f,t,80.0,90.16773,-0.1127646441394885,Fairly Priced
40.70953,-73.92657,,,,,1,0,,0.0,1,0,0.0,,2019,0.0,0,0,0,0,0,0,0,0,New York,Williamsburg,Private room,Apartment,Unknown,Unknown,50.0,75.38332,-0.33672332863357174,Underpriced
40.7645,-73.93181,,,,,5,6,0.13,0.13,1,0,0.0,,2019,0.0,0,0,0,0,0,0,0,0,New York,Long Island City,Entire home/apt,Apartment,Unknown,Unknown,115.0,126.00341,-0.08732628989739892,Fairly Priced
40.68099,-73.97446,,,,,5,145,1.82,1.82,1,0,0.0,,2019,0.0,0,0,0,0,0,0,0,0,New York,Prospect Heights,Entire home/apt,Apartment,Unknown,Unknown,120.0,146.05989,-0.17841921292545554,Underpriced
40.67027,-73.94033,,,,,6,27,0.47,0.47,1,302,0.8273972602739726,,2019,0.0,0,0,0,0,0,0,0,0,New York,Crown Heights,Entire home/apt,Apartment,Unknown,Unknown,210.0,133.93147,0.5679660325066851,Overpriced
40.79313,-73.93493,,,,,3,47,0.66,0.66,2,0,0.0,,2019,0.0,0,0,0,0,0,0,0,0,New York,East Harlem,Private room,Apartment,Unknown,Unknown,80.0,68.85921,0.16179089634119453,Overpriced
38.9135,-77.04356,,,,,31,94,0.78,0.78,4,365,1.0,,2023,0.0,0,0,0,0,0,0,0,0,Washington D.C.,"Dupont Circle, Connecticut Avenue/K Street",Entire home/apt,Apartment,Unknown,Unknown,150.0,226.1071,-0.33659757236983956,Underpriced
38.88188,-76.94313,,,,,2,19,1.66,1.66,1,86,0.2356164383561644,,2023,0.0,0,0,0,0,0,0,0,0,Washington D.C.,"Capitol View, Marshall Heights, Benning Heights",Entire home/apt,Apartment,Unknown,Unknown,115.0,131.94145,-0.1284012853138952,Fairly Priced
40.83434,-73.94027,,,,,3,4,0.41,0.41,1,335,0.9178082191780822,,2019,0.0,0,0,0,0,0,0,0,0,New York,Washington Heights,Private room,Apartment,Unknown,Unknown,99.0,72.46753,0.3661290920300377,Overpriced
38.88329,-77.00121,,,,,31,1,0.13,0.13,173,365,1.0,,2023,0.0,0,0,0,0,0,0,0,0,Washington D.C.,"Capitol Hill, Lincoln Park",Entire home/apt,Apartment,Unknown,Unknown,116.0,161.346,-0.28104815116288856,Underpriced
42.34479678229015,-71.10174879415875,3.0,1.0,1.0,1.0,3,0,,0.0,136,179,0.4904109589041096,,2023,6.5,1,1,1,1,0,1,1,0,Boston,Fenway/Kenmore,Entire home/apt,Apartment,f,f,189.0,180.02965,0.049827082822848444,Fairly Priced
47.61608360784067,-122.29817073257844,2.0,1.0,1.0,1.0,1,0,,0.0,1,338,0.9260273972602739,,2023,3.0,1,1,1,0,1,0,0,0,Seattle,Minor,Private room,House,f,f,95.0,81.21031,0.1698021813915639,Overpriced
42.35841014102986,-71.0682283886542,4.0,2.0,2.0,2.0,3,2,2.0,2.0,1,343,0.9397260273972603,100.0,2023,4.0,0,1,1,1,0,0,0,1,Boston,Beacon Hill,Entire home/apt,Condominium,f,f,600.0,333.55215,0.7988191406697099,Overpriced
38.9604,-77.08253,,,,,2,410,3.38,3.38,1,277,0.7589041095890411,,2023,0.0,0,0,0,0,0,0,0,0,Washington D.C.,"Friendship Heights, American University Park, Tenleytown",Private room,Apartment,Unknown,Unknown,92.0,73.56045,0.2506721055330924,Overpriced
40.68618,-73.93273,,,,,3,7,0.15,0.15,1,0,0.0,,2019,0.0,0,0,0,0,0,0,0,0,New York,Bedford-Stuyvesant,Private room,Apartment,Unknown,Unknown,60.0,60.369022,-0.006112776965755697,Fairly Priced
37.77495,-122.41782,,,,,30,0,,0.0,17,349,0.9561643835616438,,2023,0.0,0,0,0,0,0,0,0,0,San Francisco,South of Market,Entire home/apt,Apartment,Unknown,Unknown,239.0,185.55585,0.2880219278870397,Overpriced
40.67507,-73.97706,,,,,2,12,0.2,0.2,1,13,0.03561643835616438,,2019,0.0,0,0,0,0,0,0,0,0,New York,Park Slope,Entire home/apt,Apartment,Unknown,Unknown,450.0,175.02594,1.57104746959592,Overpriced
40.6435,-73.96208,,,,,2,132,3.31,3.31,2,233,0.6383561643835617,,2019,0.0,0,0,0,0,0,0,0,0,New York,Flatbush,Entire home/apt,Apartment,Unknown,Unknown,87.0,121.41757,-0.283464505577449,Underpriced
40.7661,-73.9573,,,,,2,160,2.76,2.76,1,248,0.6794520547945205,,2019,0.0,0,0,0,0,0,0,0,0,New York,Upper East Side,Entire home/apt,Apartment,Unknown,Unknown,139.0,185.7977,-0.2518744808621372,Underpriced
47.62144287319413,-122.36162690999424,3.0,1.5,1.0,1.0,1,51,8.18,8.18,12,255,0.6986301369863014,91.0,2023,4.5,1,1,1,1,0,0,1,0,Seattle,Interbay,Entire home/apt,Apartment,f,f,125.0,130.69786,-0.04359566932833961,Fairly Priced
40.72126,-73.98482,,,,,1,76,1.65,1.65,1,0,0.0,,2019,0.0,0,0,0,0,0,0,0,0,New York,Lower East Side,Entire home/apt,Apartment,Unknown,Unknown,109.0,152.15788,-0.28363882256587286,Underpriced
37.77406,-122.391,,,,,31,0,,0.0,138,0,0.0,,2023,0.0,0,0,0,0,0,0,0,0,San Francisco,South of Market,Entire home/apt,Apartment,Unknown,Unknown,238.0,213.25084,0.11605656913506512,Fairly Priced
30.44822,-97.78489,,,,,30,0,,0.0,593,360,0.9863013698630136,,2020,0.0,0,0,0,0,0,0,0,0,Austin,78729,Entire home/apt,Apartment,Unknown,Unknown,125.0,107.28264,0.16514658559567622,Overpriced
37.78954,-122.43123,,,,,7,10,0.63,0.63,17,290,0.7945205479452054,,2023,0.0,0,0,0,0,0,0,0,0,San Francisco,Pacific Heights,Entire home/apt,Apartment,Unknown,Unknown,197.0,259.64142,-0.2412612703677628,Underpriced
38.91242,-77.04242,,,,,31,0,,0.0,1,0,0.0,,2023,0.0,0,0,0,0,0,0,0,0,Washington D.C.,"Dupont Circle, Connecticut Avenue/K Street",Entire home/apt,Apartment,Unknown,Unknown,110.0,172.70305,-0.36306856871286036,Underpriced
42.34528024327052,-71.1477012036146,4.0,1.0,1.0,1.0,14,1,1.0,1.0,1,56,0.15342465753424658,,2023,3.0,0,1,1,1,0,0,0,0,Boston,Allston-Brighton,Entire home/apt,Apartment,f,f,148.0,117.71671,0.2572556291201874,Overpriced
40.77783,-73.9815,,,,,30,5,0.09,0.09,1,180,0.4931506849315068,,2019,0.0,0,0,0,0,0,0,0,0,New York,Upper West Side,Entire home/apt,Apartment,Unknown,Unknown,80.0,156.84515,-0.48994279990551615,Underpriced
37.7653,-122.44573,,,,,30,43,0.38,0.38,1,330,0.9041095890410958,,2023,0.0,0,0,0,0,0,0,0,0,San Francisco,Haight Ashbury,Entire home/apt,Apartment,Unknown,Unknown,160.0,176.93935,-0.09573532776291477,Fairly Priced
40.68194,-73.94068,,,,,1,59,0.84,0.84,4,165,0.4520547945205479,,2019,0.0,0,0,0,0,0,0,0,0,New York,Bedford-Stuyvesant,Entire home/apt,Apartment,Unknown,Unknown,100.0,143.72203,-0.3042124470762027,Underpriced
30.29097,-97.77113,,,,,1,70,1.7,1.7,1,0,0.0,,2020,0.0,0,0,0,0,0,0,0,0,Austin,78703,Private room,Apartment,Unknown,Unknown,50.0,52.623016,-0.04984542010298367,Fairly Priced
40.82416,-73.94623,,,,,3,8,0.22,0.22,1,0,0.0,,2019,0.0,0,0,0,0,0,0,0,0,New York,Harlem,Private room,Apartment,Unknown,Unknown,55.0,64.30758,-0.14473533570065833,Fairly Priced
30.22322,-97.72213,,,,,1,0,,0.0,1,0,0.0,,2020,0.0,0,0,0,0,0,0,0,0,Austin,78741,Entire home/apt,Apartment,Unknown,Unknown,50.0,186.64125,-0.732106381432343,Underpriced
30.36238,-97.70867,,,,,1,1,0.61,0.61,2,25,0.0684931506849315,,2020,0.0,0,0,0,0,0,0,0,0,Austin,78758,Private room,Apartment,Unknown,Unknown,40.0,39.29741,0.017878810823194112,Fairly Priced
37.75939308083096,-122.4505328111145,,,,,4,0,,0.0,1,51,0.13972602739726028,,2023,0.0,0,0,0,0,0,0,0,0,San Francisco,Haight Ashbury,Entire home/apt,Apartment,Unknown,Unknown,280.0,353.37497,-0.2076405399904019,Underpriced
42.32411923510956,-71.10669945356153,3.0,1.0,1.0,2.0,2,15,2.54,2.54,2,39,0.10684931506849316,93.0,2023,0.0,0,0,0,0,0,0,0,0,Boston,Jamaica Plain,Private room,House,f,f,95.0,66.36005,0.4315842916440943,Overpriced
37.76787,-122.44961,,,,,3,41,0.51,0.51,1,0,0.0,,2023,0.0,0,0,0,0,0,0,0,0,San Francisco,Haight Ashbury,Entire home/apt,Apartment,Unknown,Unknown,400.0,281.529,0.42081281784063596,Overpriced
47.62235362222631,-122.32201593187229,2.0,1.0,0.0,1.0,1,15,1.73,1.73,1,365,1.0,87.0,2023,1.0,0,0,1,0,0,0,0,0,Seattle,Broadway,Entire home/apt,Apartment,f,f,125.0,108.98108,0.14698809215780495,Fairly Priced
30.23582,-97.75773,,,,,2,46,0.86,0.86,2,0,0.0,,2020,0.0,0,0,0,0,0,0,0,0,Austin,78704,Entire home/apt,Apartment,Unknown,Unknown,89.0,135.61128,-0.34371242231013927,Underpriced
40.73967,-74.00933,,,,,3,0,,0.0,1,0,0.0,,2019,0.0,0,0,0,0,0,0,0,0,New York,West Village,Entire home/apt,Apartment,Unknown,Unknown,850.0,292.02942,1.9106656550899654,Overpriced
30.28521,-97.75793,,,,,1,3,0.07,0.07,2,0,0.0,,2020,0.0,0,0,0,0,0,0,0,0,Austin,78703,Shared room,Apartment,Unknown,Unknown,99.0,50.141193,0.9744244862739214,Overpriced
30.24778,-97.76287,,,,,2,62,0.78,0.78,1,260,0.7123287671232876,,2020,0.0,0,0,0,0,0,0,0,0,Austin,78704,Entire home/apt,Apartment,Unknown,Unknown,386.0,221.2626,0.744533389018132,Overpriced
40.78031,-73.94653,,,,,5,14,0.2,0.2,1,0,0.0,,2019,0.0,0,0,0,0,0,0,0,0,New York,Upper East Side,Entire home/apt,Apartment,Unknown,Unknown,123.0,138.11923,-0.10946507549563168,Fairly Priced
30.26867,-97.73511,,,,,2,3,0.05,0.05,1,0,0.0,,2020,0.0,0,0,0,0,0,0,0,0,Austin,78701,Entire home/apt,Apartment,Unknown,Unknown,500.0,267.5934,0.8685063729821095,Overpriced
40.71477,-73.94761,,,,,5,5,0.11,0.11,1,0,0.0,,2019,0.0,0,0,0,0,0,0,0,0,New York,Williamsburg,Private room,Apartment,Unknown,Unknown,70.0,69.484215,0.007423055997654663,Fairly Priced
37.76092,-122.42687,,,,,30,3,0.28,0.28,1,173,0.473972602739726,,2023,0.0,0,0,0,0,0,0,0,0,San Francisco,Castro/Upper Market,Entire home/apt,Apartment,Unknown,Unknown,250.0,171.63036,0.4566187827542524,Overpriced
40.80049,-73.95533,,,,,6,52,1.16,1.16,2,287,0.7863013698630137,,2019,0.0,0,0,0,0,0,0,0,0,New York,Harlem,Entire home/apt,Apartment,Unknown,Unknown,899.0,181.6024,3.950375057923395,Overpriced
38.91682139999999,-77.04277639999998,,,,,32,0,,0.0,221,0,0.0,,2023,0.0,0,0,0,0,0,0,0,0,Washington D.C.,"Kalorama Heights, Adams Morgan, Lanier Heights",Entire home/apt,Apartment,Unknown,Unknown,193.0,171.79366,0.12344079038117206,Fairly Priced
47.58013015586166,-122.28562135651396,2.0,1.0,1.0,2.0,2,25,4.63,4.63,1,356,0.9753424657534246,98.0,2023,4.0,1,1,1,0,1,0,0,1,Seattle,Mount Baker,Entire home/apt,House,f,t,150.0,103.23325,0.45302017465242195,Overpriced
30.3045,-97.79601,,,,,2,0,,0.0,1,0,0.0,,2020,0.0,0,0,0,0,0,0,0,0,Austin,78746,Entire home/apt,Apartment,Unknown,Unknown,425.0,317.33127,0.3392944296434296,Overpriced
40.67906,-73.96602,,,,,3,19,0.34,0.34,2,88,0.2410958904109589,,2019,0.0,0,0,0,0,0,0,0,0,New York,Prospect Heights,Entire home/apt,Apartment,Unknown,Unknown,175.0,192.57805,-0.09127753045667884,Fairly Priced
38.9467,-77.07742,,,,,91,10,0.34,0.34,8,97,0.26575342465753427,,2023,0.0,0,0,0,0,0,0,0,0,Washington D.C.,"Friendship Heights, American University Park, Tenleytown",Entire home/apt,Apartment,Unknown,Unknown,114.0,112.789604,0.010731448360979924,Fairly Priced
47.618495765898594,-122.3093418369865,2.0,5.0,1.0,1.0,2,15,1.03,1.03,6,365,1.0,93.0,2023,1.0,0,1,0,0,0,0,0,0,Seattle,Stevens,Private room,House,f,f,125.0,81.281456,0.537866152517763,Overpriced
40.7259,-73.9939,,,,,3,35,0.72,0.72,1,223,0.6109589041095891,,2019,0.0,0,0,0,0,0,0,0,0,New York,NoHo,Entire home/apt,Apartment,Unknown,Unknown,499.0,330.37756,0.5103931233980417,Overpriced
40.68902,-73.98632,,,,,30,7,0.15,0.15,21,342,0.936986301369863,,2019,0.0,0,0,0,0,0,0,0,0,New York,Boerum Hill,Entire home/apt,Apartment,Unknown,Unknown,127.0,138.42677,-0.08254742068865778,Fairly Priced
42.308836939839665,-71.11935092313678,2.0,1.0,0.0,1.0,2,148,5.77,5.77,1,120,0.3287671232876712,99.0,2023,4.0,1,1,1,1,1,0,0,0,Boston,Jamaica Plain,Entire home/apt,Apartment,f,t,175.0,106.608406,0.6415215878022901,Overpriced
38.94034,-77.0304,,,,,1,150,6.7,6.7,4,269,0.736986301369863,,2023,0.0,0,0,0,0,0,0,0,0,Washington D.C.,"Brightwood Park, Crestwood, Petworth",Entire home/apt,Apartment,Unknown,Unknown,107.0,119.53707,-0.10488019406224025,Fairly Priced
40.70124,-73.90941,,,,,10,0,,0.0,1,0,0.0,,2019,0.0,0,0,0,0,0,0,0,0,New York,Ridgewood,Entire home/apt,Apartment,Unknown,Unknown,70.0,115.52282,-0.3940591106464374,Underpriced
37.78131,-122.39957,,,,,31,1,0.23,0.23,3,264,0.7232876712328767,,2023,0.0,0,0,0,0,0,0,0,0,San Francisco,South of Market,Entire home/apt,Apartment,Unknown,Unknown,196.0,158.7594,0.2345725715981691,Overpriced
30.33389,-97.64715,,,,,2,0,,0.0,1,0,0.0,,2020,0.0,0,0,0,0,0,0,0,0,Austin,78754,Private room,Apartment,Unknown,Unknown,90.0,85.99352,0.04659045510370858,Fairly Priced
